makam,usul,count,shapeh_mean,shapeh_max,shapeh_median,time_mean,time_max,avg_rank,best_rank,top_k_count
Sabâ Peşrev,Çenber,42,75.97953002601577,160.76267605734162,69.35562229601413,0.0,0.0,34.642857142857146,1,13
Beyâtî Beste,Sofyan,42,74.58797977781397,169.03297277815585,67.30193967574243,0.0,0.0,55.54761904761905,1,7
Karcığar Şarkı,Sofyan,42,73.26444164213882,134.05757415171252,69.73395415493178,0.0,0.0,56.714285714285715,2,5
Acem Selam,Devr-i Kebîr (28/8),42,72.18819618825384,153.80801255888798,68.11044584335853,0.0,0.0,78.21428571428571,1,1
Beyâtî Beste,Nîmdevir,42,73.67034295444681,159.99611737203608,66.67731201912315,0.0,0.0,88.71428571428571,2,8
Acemaşîrân Yürüksemâî,Yürüksemâî(6/4),42,73.0932861310023,153.305529557405,66.10915020948087,0.0,0.0,90.38095238095238,1,5
Nikrîz Fantezi,Yürüksemâî II,42,69.77112567685917,101.90500703018492,69.35420913624876,0.0,0.0,95.21428571428571,3,7
Ferahfezâ Beste,Fireng-i Fer,42,71.14548332919868,155.93786940523384,65.95282653321415,,,105.07142857142857,14,0
Nev`eser Beste,Zencîr,42,72.30461528061753,153.09692324348694,67.23176461202914,0.0,0.0,118.73809523809524,5,4
Nişâburek Peşrev,Muhammes,42,70.67533210645121,143.41194960489955,64.9961779156747,,,125.78571428571429,18,0
Nişâbureyn Peşrev,Devr-i Aryân,42,73.51443652052006,165.7849881690611,67.19495835309894,0.0,0.0,132.83333333333334,3,5
Uşşak Beste,Sofyan,42,72.57014708135902,152.71394911200323,67.66560644070346,0.0,0.0,135.42857142857142,2,7
Acemaşîrân Peşrev,Devr-i Kebîr,42,70.14133200279777,118.33753506188981,66.2709466745871,0.0,0.0,141.33333333333334,5,5
Ferahfezâ Ağırsemâî,Senginsemâî,42,70.47316500709255,128.02804737504158,66.85689228787992,0.0,0.0,145.71428571428572,4,1
Yegâh Beste,Zencîr,42,71.15209257471777,143.74003700997062,64.820445373255,0.0,0.0,146.21428571428572,5,3
Isfahân Beste,Zencîr,42,70.77355778437547,142.1329260527117,65.02875110581166,,,158.04761904761904,15,0
Hüzzam Beste,Düyek (8/4),42,70.44505154281808,157.60956689217426,65.39808653609177,0.0,0.0,160.21428571428572,10,1
Hicaz-Hümâyûn Nakış,Ağırsenginsemâî,42,69.39111485972899,135.57095500824124,65.57204052007688,,,169.54761904761904,13,0
Şehnâz İlâhî,Evsât,42,66.69915792786216,91.86312436518207,69.94374926101136,0.0,0.0,171.28571428571428,5,5
Sûzinâk-Zirgüle Nakış,Yürüksemâî II (6/4),42,68.43364062706789,122.27271704182361,63.83572516321843,,,174.0952380952381,18,0
Sabâ Peşrev,Nîmsofyan,42,68.33751993445951,122.3834563437626,65.28943634584223,0.0,0.0,177.47619047619048,8,1
Hicaz Beste,Hafîf,42,71.59499334291311,161.1400474092314,65.04607014799704,0.0,0.0,178.71428571428572,3,4
Hicazkâr Beste,Devr-i Kebîr,42,69.85496684752422,150.2274994907215,63.51197517568329,,,183.14285714285714,14,0
Dügâh Yürüksemâî,Yürüksemâî(6/4),42,68.47719840058963,116.57587043946141,64.55921880186261,0.0,0.0,183.28571428571428,3,2
Arazbâr Ağırsemâî,Ağır Aksaksemâî,42,67.58165391722765,114.53976007624219,65.53541874117654,0.0,0.0,187.71428571428572,8,1
Hüzzam Peşrev,Muhammes,42,69.95150914093627,155.4040297846217,64.39026821544408,,,190.14285714285714,11,0
Beste-Isfahan Yürüksemâî,Yürüksemâî(6/4),42,67.50757918175249,118.28531795382447,64.8178384353813,,,190.54761904761904,27,0
Ferahfezâ Peşrev,Devr-i Kebîr,42,68.37451235236081,116.99134225960259,65.16394683271285,0.0,0.0,193.52380952380952,6,1
Rast Medhal,Hafîf,42,66.85306053692332,106.58239704376089,65.9602741131068,,,196.16666666666666,15,0
Sûzidilârâ Peşrev,Ağırdüyek,42,70.17034415853597,136.9523400472669,62.83210109220715,,,203.8095238095238,17,0
Şedarabân Beste,Hafîf (32/2),42,70.55227464996106,141.87919763295758,61.97090486386218,0.0,0.0,214.35714285714286,3,5
Hüseynî Düet,Türkaksağı,42,67.35974307925146,91.0918489742483,71.71896426215812,0.0,0.0,218.07142857142858,1,9
Ruhnevaz Nakış,Nîmdevir (18/8),42,69.14933912802096,135.12760177385758,63.719238845368594,,,222.1904761904762,15,0
Hüzzam İlâhî,Muhammes,42,69.55787510617179,148.09950311479238,61.42445329093843,,,222.54761904761904,13,0
Rast Kâr-ı Nâtık,Çenber (12/2),42,68.7951350794729,145.83884494133,62.91772190668291,,,225.02380952380952,20,0
Nühüft Beste,Darb-ı Fetih,42,68.73873437202471,131.51285448300735,63.4793168683125,,,225.47619047619048,29,0
Muhayyer Beste,Darb-ı Fetih,42,69.44010093862647,129.47677902141547,64.76661459913691,,,228.3095238095238,15,0
Dilkeşhâveran Ağırsemâî,Ağır Aksaksemâî,42,69.9637057333571,158.0608527678419,61.53874009399211,0.0,0.0,229,3,2
Hüzzam Şarkı,Ağırdüyek,42,69.53160727318703,150.57800371239372,63.236846716326596,0.0,0.0,236.28571428571428,6,1
Sûzinâk Şarkı,Devr-i Hindî,42,68.06363323022934,129.65502305644247,61.85405706487276,,,236.78571428571428,40,0
Beyâtî Ağırsemâî,Ağır Aksaksemâî,126,67.62332448729143,166.54791993424294,64.45167121812366,0.0,0.0,237.53174603174602,1,13
Nev`eser Nakış,Aksaksemâî,42,65.32621036570862,104.35870325496846,63.78581013799664,,,238.28571428571428,14,0
Rehâvî Beste,Remel,42,68.29343872132371,124.03611606144395,63.632917861513086,,,242.71428571428572,33,0
Isfahân Peşrev,Devr-i Kebîr,42,64.7460120057527,95.49469067898617,65.25215642197054,,,243.88095238095238,16,0
Acemaşîrân İlâhî,Muhammes,42,67.51636694682254,121.67393688931061,63.35568711332191,,,247.64285714285714,13,0
Hicaz Beste,Zencîr,42,69.00865687548826,147.6575203034877,64.37981446579843,,,247.78571428571428,18,0
Hicaz-Hümâyûn Peşrev,Çenber,42,67.49068637017848,136.39766415517414,60.90891351946574,,,250.3095238095238,35,0
Rast Kâr-ı Nev,Ağırdüyek,42,67.3883966877575,121.65789638632833,62.791259421658566,,,250.88095238095238,37,0
Hicaz Şarkı,Nîmevsat (13/4),42,67.4684367354245,102.03054177297416,69.22589401586661,0.0,0.0,253.35714285714286,10,2
Hicazkâr Şarkı,Evfer,42,63.96372655901221,86.01660035357482,67.63466686040621,0.0,0.0,255.5952380952381,8,2
Hicaz-Hümâyûn Murabbâ,Ağırçenber (12/1),42,69.23333443906026,145.9308271115845,63.72668963051272,,,256.64285714285717,12,0
Kürdî Şarkı,Semâî,42,65.04619262591358,102.77935191239546,64.79232748268085,,,266.6190476190476,33,0
Rast Peşrev,Fireng-i Fer,42,69.42955762848831,135.9629985768685,63.386705044211,0.0,0.0,267.8333333333333,7,1
Hicaz Sazsemâîsi,Aksaksemâî,42,65.91853958499144,109.72738979989255,61.76809293234917,,,268.5238095238095,37,0
Muhayyer Türkü,Senginsemâî,42,64.37770717405824,95.82887874604859,63.4964877566515,,,280.85714285714283,12,0
Tâhir Peşrev,Fahte,42,68.88566048836633,152.26167673115668,62.751705549928445,0.0,0.0,284.9047619047619,9,1
Hicaz Beste,Ağırdüyek,42,64.20932522299556,96.9732446974456,64.18691067890066,,,285.3809523809524,48,0
Beyâtî-Arabân Şarkı,Curcuna,42,63.82388247126307,86.53127969309352,65.83250780300656,0.0,0.0,293.5238095238095,1,1
Beyâtî Peşrev,Hafîf,84,68.68404479401693,148.9529312380963,62.54497217129423,0.0,0.0,293.54761904761904,10,1
Sultânîyegâh Medhal,Sofyan,42,64.55850711732022,105.43993073807675,64.5666564098618,,,297.26190476190476,41,0
Nevâ Murabbâ,Muhammes,42,66.36743970209675,123.93157286676269,61.23072682282641,,,298.0238095238095,23,0
Hicazkâr Şarkı,Devr-i Hindî,42,69.80434844767123,150.6513740556975,64.07306620055176,,,298.45238095238096,17,0
Segâh Şarkı,Ağır Aksaksemâî,84,67.13798293897203,143.43070317519374,60.59738337514396,0.0,0.0,300.7261904761905,5,1
Dügâh İlâhî,Ağırçenber,42,62.74217687995454,80.07055898161319,66.65505368440085,0.0,0.0,301.6904761904762,6,2
Beyâtî Şarkı,Şarkı Devr-i Revânı,42,62.79905020088609,82.14597356308573,67.20407907426628,0.0,0.0,303.26190476190476,7,1
Evcârâ Sazsemâîsi,Aksaksemâî,42,65.69066256991428,120.67344612969448,61.429463455147044,,,305.1190476190476,38,0
Hicaz-Zirgüle Türkü,Curcuna,42,66.84795368944114,124.1015637353574,62.606159709846295,,,307.1190476190476,17,0
Hüseynî Peşrev,Muhammes,42,66.0966634824443,133.3784533023351,62.77831447933174,,,307.6904761904762,52,0
Hüseynî Beste,Hafîf (32/2),42,63.99195315679276,93.11063744616955,63.95240628913068,,,309.54761904761904,14,0
Gülizâr Peşrev,Hafîf,42,67.99864906281495,154.75598705363353,61.88507820101334,,,313.42857142857144,17,0
Beyâtî Beste,Remel,42,67.75401216082585,150.44599721071927,61.892136877059286,,,314.6666666666667,25,0
Hüseynî (Mi'de) Türkü,Düyek,42,64.37045801449554,92.04619622122219,66.32746238103164,,,317.7857142857143,13,0
Şevk`efzâ Şarkı,Aksak,42,63.043465737014785,88.68800153282245,65.40569046102902,,,321.5238095238095,28,0
Rast Şarkı,Devr-i Hindî (7/8),42,66.49413745936364,120.61703441585364,60.93725720219999,0.0,0.0,323.7857142857143,2,1
Muhayyer Peşrev,Devr-i Kebîr,42,66.60459948161073,143.6804599322199,59.78826749746774,,,324.6190476190476,54,0
Sabâ Beste,Devr-i Kebîr,42,64.14868495145616,103.06650398234693,60.278803102113514,,,334.23809523809524,67,0
Hicaz Fantezi,Yürüksemâî II (6/4),42,62.23837338269617,82.56259286325822,67.6165258492847,0.0,0.0,336.3095238095238,1,3
Sultânîsegâh Peşrev,Çiftedüyek,42,63.86247507281002,101.98388185870391,62.968223492926235,,,336.95238095238096,31,0
Rast Peşrev,Sakîl,42,64.21485246719223,105.59991409926013,62.92032528316605,,,340.2857142857143,43,0
Uşşak Şarkı,Ağır Aksaksemâî,42,67.97132351379948,151.3898896396304,60.59888200828227,,,340.9047619047619,28,0
Uşşak Şarkı,Evfer,42,65.48379279002246,120.43254085271094,61.59199427898213,,,343.76190476190476,63,0
Muhayyer Peşrev,Düyek,42,68.50898116553523,142.24397590790545,61.96033145149447,,,344.35714285714283,12,0
Nihâvent Kâr,Hafîf,42,67.54984227110074,150.51800140461282,60.92751216927139,,,345.4047619047619,21,0
Şehnâz Şarkı,Devr-i Hindî,42,66.0799442971385,125.68640033163673,62.16952646326845,,,346.7142857142857,54,0
Segâh Türkü,Âzerî Yürüksemâî,42,61.46843312315694,76.1826316681695,65.27012256881665,0.0,0.0,348.6666666666667,5,3
Hüseynî Beste,Berefşan,42,67.09539182859628,144.14619365702126,61.089243817069786,,,349.35714285714283,34,0
Bestenigâr Şarkı,K. Curcuna (10/16),42,66.22137155865371,126.58498475012578,62.30431832848261,,,353.5238095238095,28,0
Hicaz-Hümâyûn Beste,Ağırçenber,42,68.70597347964743,159.2290864463452,61.054652030776026,0.0,0.0,353.8095238095238,8,1
Muhayyer Yürüksemâî,Yürüksemâî(6/4),42,66.30844226609443,120.12894441809024,60.828130141757484,,,357.1666666666667,61,0
Şeddisabâ Sazsemâîsi,Aksaksemâî,42,61.23320073428403,84.43626677949148,62.51619791644396,,,362.1904761904762,16,0
Rast Ağırsemâî,Aksaksemâî,84,63.21753937524249,92.50521458802544,62.859889910295585,0.0,0.0,364.0238095238095,4,1
Pençgâh Murabbâ,Fer'i Muhammes (16/2),42,65.62788870322167,114.31879644943619,62.40661108048307,0.0,0.0,365.04761904761904,7,1
Rast Peşrev,Devr-i Kebîr,42,67.66537864738112,148.69579029392895,62.6579159739761,,,366.5952380952381,36,0
Beyâtî Şarkı,Sofyan,42,63.1997567163246,106.64378758157365,61.71133291451369,,,368.6190476190476,59,0
Hisarbûselik Türkü,Âzerî Yürüksemâî,42,62.76823918678727,93.60741723684522,62.78521146824724,0.0,0.0,370.3333333333333,3,1
Hicaz Ağırsemâî,Aksaksemâî,42,67.68256758009886,152.60324399941342,61.215011474800214,,,370.8333333333333,26,0
Muhayyer Şarkı,Devr-i Hindî (7/8),42,66.11964784902521,125.51694936984757,58.28726567830947,,,373.8809523809524,31,0
Şevk`efzâ Şarkı,Devr-i Hindî (7/8),42,63.54893728784705,98.63148155270923,62.32251418501841,,,375.0952380952381,59,0
Şehnâz Yürüksemâî,Yürüksemâî(6/4),42,61.83369734136423,82.581590032665,65.67512283235953,0.0,0.0,378.3333333333333,3,1
Muhayyerkürdî Şarkı,Yürüksemâî II,42,62.06354419546585,81.38897863593036,66.98901595930316,0.0,0.0,381.4047619047619,7,3
Sabâ Peşrev,Nîmçember,42,66.78360684134299,147.15702455792487,60.097237714270946,,,381.5952380952381,30,0
Pesendîde Nakış,Yürüksemâî(6/4),42,62.126787453431355,87.95228662640864,63.398732928474345,,,383.2142857142857,24,0
Hicazkâr Beste,Yürüksemâî(6/4),42,61.281651977117754,84.8152514412947,63.817798547807286,,,383.23809523809524,38,0
Nevâ Nakış,Ağır Aksaksemâî,42,64.34317481210947,107.00518253551066,61.26588771932815,,,383.45238095238096,25,0
Eviç Peşrev,Devr-i Kebîr,42,65.47308582550959,122.31191940430757,61.08932750974742,,,385.8333333333333,39,0
Karcığar Nakış,Yürüksemâî(6/4),42,66.01103993756911,126.72474439900124,60.174782007285074,,,389.6666666666667,79,0
Dügâh Kâr,Hafîf (32/2),42,67.25718832762048,146.2243761512197,61.064057663186375,,,390.6190476190476,51,0
Gülşen-i-Vefâ Sazsemâîsi,Aksaksemâî,42,60.37856496040778,78.52700602444816,64.23581106395818,,,391.73809523809524,43,0
Acemkürdî Şarkı,Devr-i Hindî,42,60.50221250539204,78.79402199229881,64.89143350242807,,,393.35714285714283,37,0
Beyâtî Beste,Hafîf,42,67.01908159132151,140.24450085687073,60.976947475187686,,,396.0238095238095,33,0
Nihâvent Peşrev,Devr-i Kebîr,84,65.39666066555397,152.7535560484523,60.71528285275919,,,396.3333333333333,17,0
Hisarbûselik Sazsemâîsi,Aksaksemâî,42,65.12901708741607,118.80392835621882,63.17239908087621,,,396.4047619047619,66,0
Eviç Sazsemâîsi,Aksaksemâî,84,62.69598048066284,110.81055396717544,61.2864579549355,,,398.7857142857143,38,0
Hicazkâr Peşrev,Devr-i Kebîr,42,62.608946548819176,100.47006508797342,62.206295683737025,,,403.4761904761905,36,0
Nev`eser Şarkı,Ağırdüyek,42,64.89833386618514,119.26093168825584,59.22904905174406,,,404.1904761904762,49,0
Şedarabân Peşrev,Fahte,42,65.88718182960905,136.47318557836283,60.578150797822616,,,404.9047619047619,22,0
Hicazkâr Nakış,Lenk Fahte,42,65.00116047062718,112.14614023616289,62.61643289699167,,,409.73809523809524,23,0
Sabâ Peşrev,Fahte,42,61.75016953914853,87.89726670398997,63.457834204449355,0.0,0.0,410.07142857142856,4,1
Hicazkâr Şarkı,Katikofti,42,59.695597588782505,73.22325431319999,65.16513135120572,,,415.6190476190476,44,0
Irak Sazsemâîsi,Aksaksemâî,42,65.1961159067778,112.72325858686878,61.708213492541645,0.0,0.0,419.4761904761905,9,1
Hisarbûselik Beste,Çenber,42,60.75924419966491,85.72541536497835,64.91400559565672,,,420.73809523809524,18,0
Ruhnevaz Nakış,Devr-i Revân,84,64.0674189629325,119.29271567424964,61.255880568055915,,,421.42857142857144,38,0
Acemkürdî Ağırsemâî,Ağır Aksaksemâî,42,62.24002037318889,92.1811152280785,60.94529597292194,,,423.6666666666667,26,0
Muhayyer Murabbâ,Ağırçenber (12/1),42,67.60037484144178,157.2743659656431,61.878340406254836,,,424.6666666666667,11,0
Sabâ Beste,Muhammes,42,66.04348525682674,129.11582425534894,61.37445314848284,,,427.8809523809524,45,0
Hüzzam Beste,Ağırçenber,42,61.72230844179118,89.4732397114988,62.59402569614492,,,430.23809523809524,40,0
Acemaşîrân Ağırsemâî,Ağırsenginsemâî,42,66.39164279347872,146.3590244923953,59.737093876829924,,,442.5238095238095,39,0
Ruhnevaz Şarkı,Müsemmen,42,62.633624627944855,99.538057019287,62.40446641110118,,,442.64285714285717,45,0
Eviç-Horasânî Peşrev,Düyek,42,63.103420712219716,102.76168242938122,63.29712075820569,,,445.0952380952381,89,0
Hicazkâr Şarkı,Ağırdüyek,84,63.51476516055116,138.34146683704375,59.394601359311466,,,445.92857142857144,52,0
Karcığar Peşrev,Devr-i Kebîr,42,65.35945728614031,145.77185376075744,59.12480252089459,,,446.14285714285717,60,0
Hicaz Türkü,Türkaksağı (5/4),42,59.68256093216979,74.05404837507987,65.22959109538391,,,446.6666666666667,25,0
Karcığar Şarkı,Ağırevfer,42,66.31426793785919,139.55224844830238,61.376878099300015,,,447.0952380952381,31,0
Segâh Şarkı,Yürüksemâî II,42,59.406824780874345,75.12675914885608,61.59202277010643,0.0,0.0,448.6666666666667,7,1
Uşşak Peşrev,Devr-i Kebîr,84,64.02743408663183,118.61259264957488,59.11415325090843,,,450.92857142857144,52,0
Segâh Türkü,Semâî,42,58.83630478800797,70.3606356654742,63.27458036135282,0.0,0.0,452.1904761904762,4,1
Sûzinâk-Zirgüle Şarkı,Devr-i Hindî (7/8),42,59.69597187396902,73.46989485350568,64.12664518435882,0.0,0.0,454.5,8,1
Eviç Şarkı,Düyek,42,60.98223747989758,86.75225899001812,61.93063159124345,,,457.7857142857143,68,0
Bestenigâr Peşrev,Fahte,42,66.16012881854833,149.61296018507872,59.930964581258735,,,460,28,0
Sabâ Peşrev,Devr-i Kebîr,84,66.11562515665874,149.3311886639518,60.860094334112475,,,460.2857142857143,21,0
Hicazaşîrân Beste,Çenber,42,65.71126160190799,123.45700974254001,60.35176673461791,,,461.26190476190476,33,0
Sultânîyegâh Yürüksemâî,Yürüksemâî(6/4),42,62.30808928141511,95.75946154624175,61.97415641342319,,,461.92857142857144,38,0
Mâhur Peşrev,Muhammes,42,59.99566178539081,83.69002938859467,63.11715799610516,,,464.95238095238096,63,0
Yegâh Ağırsemâî,Aksaksemâî,42,62.58657999870155,99.08085140026748,60.61654864218411,,,467.0952380952381,79,0
Nihâvent Peşrev,Darbeyn,42,65.80781398592656,127.80835089098866,61.23920506914074,,,470.0238095238095,21,0
Nikrîz Türkü,Nîmsofyan,42,60.219554503283284,77.23853481544157,64.50942308322391,0.0,0.0,471.3809523809524,10,1
Nevâ Peşrev,Devr-i Kebîr,84,65.96488646151289,159.63563627091114,61.34806716212722,0.0,0.0,472.32142857142856,7,1
Rast Medhal,Sofyan,42,63.83408039435509,111.11315534927982,60.318287526728156,,,474.5238095238095,52,0
Dilkeşhâveran Beste,Hâvî,42,63.32501151685859,112.96590111015662,60.30717563211112,,,485.0952380952381,32,0
Hisar Nakış,Yürüksemâî(6/4),42,62.19276860668832,93.89662351685891,63.05069746272284,,,488.5952380952381,20,0
Nihâvent Şarkı,Semâî (3/8),42,63.63959531614051,116.00597601332245,58.31035702227854,,,489.1904761904762,112,0
Sabâ Sazsemâîsi,Aksaksemâî,84,61.538310844678335,101.07617743132568,60.124753729844215,0.0,0.0,490.5357142857143,10,1
Mâhur Şarkı,Ağır Aksaksemâî,42,58.73126108228412,73.13188826350863,62.98843082283781,,,494.0238095238095,26,0
Hüzzam Şarkı,Devr-i Hindî (7/8),42,64.27740757971081,124.53870519236503,60.52973654257348,,,496.2142857142857,107,0
Karcığar Şarkı,Devr-i Hindî,42,59.55558608176009,77.07249495350955,64.5669053510604,,,501,34,0
Muhayyersünbüle Şarkı,Şarkı Devr-i Revânı,42,60.37827051820531,87.1235937849461,60.65204003572777,,,503.73809523809524,46,0
Rast Beste,Hafîf (32/2),42,63.71691186670924,112.429396857144,59.7170403989896,,,506.07142857142856,53,0
Hüzzam Yürüksemâî,Yürüksemâî(6/4),42,65.00551922258843,146.43330299028628,58.78436741868981,,,509.8809523809524,21,0
Bûselik Şarkı,Sofyan,126,60.25352301796795,93.90046483269295,61.95825444853282,,,514.0793650793651,30,0
Mâhur Şarkı,Ağıraksak,168,62.145055919936624,110.54483719459301,59.70899771073806,,,515.077380952381,19,0
Hüseynî Beste,Çenber,42,65.36340532497752,137.18013442112462,58.78909516462874,,,515.6190476190476,49,0
Sabâ Mî`râciye,,42,66.1610615976072,151.51912110579784,61.081009882146375,,,516.7619047619048,29,0
Tâhir Türkü,Yürüksemâî(6/4),42,58.90030926776243,80.33327991247522,60.87281918250407,,,517.5952380952381,89,0
Ruhnevaz Şarkı,Aksak,42,61.03265589919236,95.19711513120875,57.755395506664684,,,518.5,75,0
Acemaşîrân Beste,Zencîr,42,65.83501559855134,151.9466902573179,60.62512019693055,,,519.8333333333334,28,0
Mâhur Tavşanca,Düyek,42,62.51471617447226,112.89633789333772,59.42246069293253,,,521.9285714285714,61,0
Hicaz Beste,Berefşan,42,64.85192648842208,138.92226339189705,60.01604299595559,,,529.1428571428571,62,0
Rast Şarkı,Ağırdüyek,42,63.38070874792154,138.9404051152966,60.28687463762842,,,533.547619047619,31,0
Sûzidil Ağırsemâî,Aksaksemâî,126,61.23798702269983,143.38009296653877,59.80921417205496,,,536.7777777777778,15,0
Müberka Sazsemâîsi,Aksaksemâî,42,63.59854857733297,115.37501513590983,57.373732679177024,,,536.9047619047619,28,0
Hüzzam Şarkı,Şarkı Devr-i Revânı,42,59.25753736085217,82.6543243116188,61.457483051342344,,,537.0714285714286,45,0
Nişâburek Şarkı,Ağıraksak,42,61.03754531530273,97.20683487826449,59.95724693114968,,,539.6428571428571,123,0
Uşşak Fantezi,Sofyan,42,62.461795827447666,110.0808841650606,58.86950744544298,,,541.9047619047619,28,0
Nihâvent Beste,Muhammes,42,62.22457234992005,109.05913119165548,57.42672617037968,,,549.0238095238095,69,0
Nev`eser Ağırsemâî,Ağır Aksaksemâî,42,65.4540998829625,155.0961789128645,58.62663165107482,,,553.1428571428571,13,0
Acemaşîrân Beste,Devr-i Kebîr,42,65.21699572897691,149.1277634609881,56.97685844042424,,,553.7380952380952,42,0
Bûselik Peşrev,Muhammes,42,64.06160420428593,125.52355788612958,59.88697179236228,,,558.0952380952381,91,0
Sûzidil Şarkı,Ağıraksak,84,63.46635087986352,132.52819196749746,60.757870316949415,,,560.5595238095239,33,0
Hüseynî Beste,Düyek,42,57.9884590765361,74.88883831714317,62.55330190762311,,,560.8809523809524,55,0
Muhayyer Peşrev,Darb-ı Fetih,42,59.22926700884501,81.22028838716017,60.780399673491615,,,561.2142857142857,91,0
Bûselik Murabbâ,Zencîr,42,61.324871808595475,108.64858619918424,58.44669096959559,,,562.8095238095239,128,0
Bûselik Peşrev,Devr-i Kebîr,42,63.877354477682005,134.38816307749744,60.431843888582506,,,565.8095238095239,20,0
Eviç Şarkı,Aksaksemâî,42,60.465165174240454,90.61930444618235,60.82787407777782,,,566.8333333333334,30,0
Muhayyer Şarkı,Aksaksemâî,42,57.667656173589016,72.59074992912825,61.962728979604535,,,569.2619047619048,70,0
Ferahfezâ Yürüksemâî,Yürüksemâî II (6/4),42,59.86652588320273,86.01209305771015,59.76333776370305,,,571.9285714285714,34,0
Sabâ Peşrev,Düyek,84,62.62702723676859,141.36491574462295,58.66705094070561,,,573.9166666666666,20,0
Yegâh Nakış,Yürüksemâî(6/4),42,58.2034094989272,78.39618261671029,62.48433095005069,,,574.2619047619048,125,0
Kürdî Peşrev,Devr-i Kebîr,42,59.209348490747054,89.6083189809294,58.59196685627497,,,576.8095238095239,13,0
Nevâ Peşrev,Nîmberefşan (16/8),42,60.952404678025474,98.41039826318098,60.482053796940825,,,577.6190476190476,59,0
Nev`eser Sazsemâîsi,Aksaksemâî,168,64.42590311606743,153.3601441935805,58.42873906831166,,,582.1011904761905,20,0
Muhayyerkürdî Türkü,Düyek,42,61.480361559829305,101.97991375736672,58.632402172163225,,,582.3571428571429,18,0
Hüseynî Beste,Ağırçenber,42,64.34559165652344,147.1213301651206,58.04178543904101,,,583.3333333333334,48,0
Hicaz-Hümâyûn Şarkı,Ağıraksak,126,64.53009853813619,149.25885468529444,62.92211595032847,0.0,0.0,587.2063492063492,2,11
Segâh Kâr,Hafîf (32/2),42,64.56412092026598,156.33169153229568,58.30017571900905,,,589.6666666666666,13,0
Nev`eser Peşrev,Berefşan,42,63.83319662681364,143.36838738811903,58.177755056106065,,,590.4761904761905,76,0
Mâhur Yürüksemâî,Yürüksemâî(6/4),84,63.11011685566791,122.17500316963763,60.118236029020956,,,592.1309523809524,12,0
Ferahfezâ Sazsemâîsi,Aksaksemâî,84,64.36468634019496,128.72835564900643,60.159032113770664,0.0,0.0,592.6309523809524,8,1
Rast Peşrev,Çiftedüyek,84,63.4557363079966,147.0308480525607,58.96978017673035,,,593.3095238095239,27,0
Segâh Sazsemâîsi,Aksaksemâî,126,59.11068906372031,95.75320631990115,56.850954025297185,0.0,0.0,595.063492063492,3,8
Nevâ Murabbâ,Zencîr,42,63.36575613103552,138.61389825534621,58.413962858970265,,,597.0714285714286,115,0
Nev`eser Şarkı,Düyek,42,60.15607259823378,88.24654082137063,60.706193827967645,,,598.9047619047619,53,0
Rast Şarkı,Çeng-i Harbî,42,57.9137180218503,75.20527071554022,62.301453545933995,,,599.1190476190476,36,0
Hicazkâr Ağırsemâî,Aksaksemâî,42,65.36274709521112,139.73618857135548,59.07551608110274,,,601.452380952381,34,0
Muhayyer Dîvân,Nîmsofyan,42,62.974664182918936,135.90614168921041,55.69060419702743,,,601.5238095238095,23,0
Isfahân Şarkı,Curcuna,84,58.09309270509854,80.41587425727194,60.28103573784166,,,601.5714285714286,91,0
Hicaz Şarkı,Senginsemâî,84,60.39940536140544,105.29862829482042,58.64391401093766,,,605.0952380952381,164,0
Uşşak Kalenderî,Yürüksemâî,42,60.89481646729997,95.76078353440947,59.150981234320895,,,606.5952380952381,120,0
Sultânîyegâh Sazsemâîsi,Aksaksemâî,42,58.64069498874356,83.53380899265352,58.09208651899708,,,606.9047619047619,73,0
Nühüft Beste,Devr-i Kebîr,42,60.082212428059,88.97460016268425,60.357919036771975,,,607.952380952381,34,0
Hüseynî Nakış,Yürüksemâî(6/4),84,57.323872228025515,70.48565828030415,63.2059737340324,,,608.2857142857143,22,0
Acemkürdî Peşrev,Fahte,42,64.48925723503267,128.9484061352788,57.65898937708422,,,611.4047619047619,12,0
Nevâ Şarkı,Yürüksemâî(6/4),42,58.06723912118984,78.8447532882318,61.050131913905446,,,617.547619047619,144,0
Hicaz-Zirgüle Türkü,Sofyan,42,56.088555756417904,67.56403807553843,60.37217670765106,,,619.452380952381,11,0
Nev`eser Peşrev,Devr-i Kebîr,42,65.21211197717342,153.9959962847577,57.48845610871065,,,621.2380952380952,18,0
Sultânîyegâh Şarkı,Sofyan,42,61.92128392470388,98.23796000700885,60.76197481954425,,,621.7142857142857,45,0
Nevâ Yürüksemâî,Yürüksemâî(6/4),42,62.55991003384807,119.11247939735574,57.49328001219408,,,622.3809523809524,123,0
Hicaz-Uzzâl Şarkı,Ağıraksak,42,64.08683270479874,122.87562484596995,59.51905237096004,,,622.6904761904761,85,0
Beyâtî İlâhî,Durak Evferi,42,59.595265823207214,89.62878985374074,58.34558309222711,,,628.1190476190476,216,0
Muhayyer Beste,Muhammes,42,58.47444971937254,81.34027946943829,57.45824661347366,,,629.2142857142857,139,0
Yegâh Şarkı,Senginsemâî,42,57.95599929124929,79.0748810851699,60.53463986506593,,,630.3333333333334,152,0
Hicaz Şarkı,Devr-i Hindî (7/8),126,60.36021998901548,110.05793313987856,59.75739665200788,,,630.563492063492,48,0
Kürdîlihicazkâr Peşrev,Muhammes,42,64.83735142981007,150.21799698848835,57.92168146068288,,,630.5952380952381,30,0
Şevk`efzâ Sazsemâîsi,Aksaksemâî,42,60.94125664377399,108.48331488533037,56.0971273111643,,,632.4761904761905,104,0
Şehnâz Şarkı,Senginsemâî,42,62.720248957479185,113.72451718228481,57.63695078015813,,,635.5,54,0
Rûy-i-Irâk Sazsemâîsi,Aksaksemâî,42,59.27817058219503,89.33939624458483,61.01085547449819,,,636.2857142857143,289,0
Ruhnevaz Şarkı,Oynak,42,62.28100144673853,109.60223398905653,57.729998874600476,,,636.5952380952381,128,0
Sûzidil Şarkı,Aksak,168,59.78186360003122,143.56384932184017,59.15002678165675,,,637.0416666666666,37,0
Sûzinâk-Zirgüle Longa,Nîmsofyan,42,58.61126469183824,84.64504332787723,59.04804636360648,,,640.2619047619048,154,0
Segâh Şarkı,Ağıraksak,126,61.62264321589354,105.11376577161796,58.216483041370445,0.0,0.0,642.7142857142857,9,1
Nihâvent Şarkı,Senginsemâî,126,59.090584104001216,93.75882548189169,60.4194103619369,0.0,0.0,645.1111111111111,7,1
Mâhur Tavşanca,Aksak,84,58.89956627690124,92.94029399991163,57.22647381024619,0.0,0.0,646.2380952380952,5,9
Yegâh Medhal,Sofyan,42,61.648843450294095,109.35349578972405,60.18069605241218,,,650,123,0
Ferahnâk Şarkı,Ağır Aksaksemâî,42,57.96384620477528,82.3585494028972,59.1786062284446,,,650.8571428571429,90,0
Beyâtî Beste,Devr-i Kebîr,84,61.411882922101206,115.78041676816633,58.45177912825697,,,650.8690476190476,36,0
Eviç Ağırsemâî,Aksaksemâî,42,63.14571995816142,129.2996290455617,57.156136347124374,,,651.2380952380952,104,0
Nevâ Sazsemâîsi,Aksaksemâî,84,60.22018369923732,99.8434206158926,59.65276655939749,,,651.9166666666666,27,0
Bûselik Nakış,Yürüksemâî(6/4),42,62.38069994619921,115.5525333595452,59.212175183375905,,,652.452380952381,123,0
Hüseynî Peşrev,Çiftedüyek,42,60.78926982539616,104.83609127416581,57.66592055534892,,,652.8095238095239,126,0
Sûzidilârâ Sazsemâîsi,Aksaksemâî,42,62.43020242672468,126.51468005179692,56.80973484735159,,,653.4761904761905,49,0
Hicazkâr Sazsemâîsi,Aksaksemâî,84,59.81834032010315,104.69907888195124,58.19802684718634,,,656.1071428571429,111,0
Nihâvent Beste,Lenk Fahte,42,60.31947202826204,97.6715080209637,59.53310027593644,,,656.6904761904761,69,0
Mâhur Beste,Devr-i Kebîr,42,63.60624016335451,140.77196487614222,57.41106281865534,,,660.9761904761905,97,0
Segâh Şarkı,Sofyan,42,61.00273626722715,108.01161939276871,58.72724128990707,,,663.5238095238095,172,0
Kürdî Ağırsemâî,Aksaksemâî,42,56.81096174639188,78.92192862118624,60.149731186242114,,,664.7380952380952,67,0
Hüseynî Şarkı,Yürüksemâî(6/4),42,56.136036113314006,66.76064036650975,61.3201433673374,,,664.9761904761905,50,0
Bûselik Kârçe,Muhammes,42,62.762446076307455,132.73045971853625,56.28357002334839,,,666.452380952381,160,0
Ferahnâkaşîrân Peşrev,Devr-i Kebîr,42,60.56607681899033,107.06894424714336,57.9922714263938,,,669.6904761904761,167,0
Sûzinâk-Zirgüle Şarkı,Ağıraksak,42,61.4941703428696,114.11129131747235,57.37547633598435,,,671.9047619047619,169,0
Ferahnümâ Türkü,Aksak,42,59.75061683284109,91.25678979106027,58.09515821833595,,,672.7857142857143,63,0
Isfahân Sazsemâîsi,Aksaksemâî,42,60.45877039226777,105.54307929222348,57.495297896072834,,,673.5,46,0
Dilkeşhâveran Sazsemâîsi,Aksaksemâî,42,55.93037779977013,71.72189386201454,59.37244488035855,,,673.7142857142857,56,0
Ferahfezâ Şarkı,Yürüksemâî II,42,56.7197339973664,79.75071049741221,58.2122738338938,,,676.3809523809524,57,0
Rehâvî Şarkı,Düyek,42,56.5737132204175,71.80517982885374,61.490686963743514,,,678.3333333333334,16,0
Mâhur Beste,Lenk Fahte,42,59.66246743108347,92.46521162494848,56.46253132242969,,,679.7380952380952,163,0
Sabâ Nakış,Yürüksemâî(6/4),84,61.414672203170426,129.70315881095152,56.96098603507532,,,683.1785714285714,11,0
Nişâburek Beste,Hafîf,42,62.27985547605848,120.35942336813537,56.50156060133358,,,683.452380952381,56,0
Nev`eser Beste,Berefşan,42,63.52081100256667,145.4445954474035,58.84093262846284,,,685.8809523809524,57,0
Hicaz-Hümâyûn Kâr,Hafîf (32/2),42,62.093965678234895,133.39889354718778,58.27898971897771,,,690.3809523809524,16,0
Tâhir Türkü,Devr-i Turan,42,55.14874446059612,65.83059319945345,58.829385888061125,0.0,0.0,700.4047619047619,8,1
Muhayyersünbüle Şarkı,Düyek,42,56.73218709470096,74.50886572560474,59.95764082094314,,,702.4047619047619,76,0
Dilkeşhâveran Beste,Zencîr,42,61.00507998442208,104.72000703730771,60.27971873562079,,,703.3571428571429,114,0
Zâvil Peşrev,Hafîf,42,61.163390797895914,111.21087420741247,55.19534547625044,,,705.0714285714286,105,0
Sûzinâk-Zirgüle Şarkı,Senginsemâî,42,60.67792244146136,112.20376139823034,55.06753856629805,,,705.1904761904761,188,0
Sûzinâk Ağırsemâî,Aksaksemâî,42,55.80614652591772,71.28920699229162,59.98987318600563,,,706.5714285714286,93,0
Nişâburek Sazsemâîsi,Aksaksemâî,42,62.01886661900504,119.19920851656697,56.64811502721605,,,707,87,0
Sabâ Türkü,Curcuna,42,56.189232162843254,72.05457973454811,59.55527242500771,,,709.547619047619,124,0
Sûzidil Beste,Fer,42,62.653125242301705,126.1031229121348,56.589224585560906,,,709.7380952380952,44,0
Hicazkâr Peşrev,Berefşan,42,62.38374588481319,143.2218404411567,57.470966475918516,,,711.9285714285714,78,0
Kürdîlihicazkâr Fantezi,Aksak,42,54.9801484190851,68.39778595473038,58.67889149582664,,,712.452380952381,50,0
Sabâ Taksim,[Serbest],42,61.37698940123388,131.01629264943261,57.62956552459984,,,716.4285714285714,139,0
Isfahân Peşrev,Fahte,42,62.76923447672959,128.8283616321426,55.575883616606276,,,716.7857142857143,111,0
Nihâvent Medhal,Sofyan,42,56.579684943112305,75.69920566745435,59.77469147673762,,,719.6190476190476,164,0
Ruhnevaz Durak,Durak Evferi,42,59.050603001078606,90.6356298604077,59.42034914448267,,,720.5714285714286,181,0
Evcârâ Şarkı,Aksak,84,59.03096202553708,100.08506452527374,57.80991362915658,,,721.9166666666666,170,0
Hisarbûselik Yürüksemâî,Yürüksemâî(6/4),42,58.6066350028521,89.7458862377897,56.69380838009431,,,722.8333333333334,355,0
Aşkefzâ Peşrev,Ayîn Devr-i Revânı,42,59.957636445520535,104.43971135641961,57.88295739294807,,,724.2619047619048,213,0
Hicaz-Hümâyûn Şarkı,Senginsemâî,42,58.11984038458127,86.49882331656626,56.82148280631868,,,726.0238095238095,252,0
Sabâ Şarkı,Ağıraksak,294,59.757553687526205,130.01431037945915,57.84293448608413,0.0,0.0,727.4795918367347,7,3
Beyâtî-Arabân Şarkı,Devr-i Hindî (7/8),42,61.98070676032644,115.4038474414259,60.55847660807458,,,728.1190476190476,142,0
Muhâlif Peşrev,Çenber,42,55.37686056369139,71.2828271172822,59.4549042484539,,,729.2380952380952,40,0
Hüseynî Sazsemâîsi,Aksaksemâî,168,60.02779933266998,113.26277435172013,57.45424824031686,,,730.6607142857143,47,0
Isfahân Yürüksemâî,Yürüksemâî(6/4),42,57.26914900335666,75.69408296330477,61.05370292019768,,,733.2380952380952,134,0
Ferahnâk Şarkı,Düyek,42,55.43188138493719,73.37427650351216,59.71553464307022,,,734.4761904761905,28,0
Beyâtî Ağırsemâî,Aksaksemâî,84,57.96240424014401,107.32918573791305,58.39899967662562,,,735.0238095238095,15,0
Yegâh Şarkı,Ağırdüyek,42,60.071145135618714,104.70912414010222,57.93769382867994,,,735.0238095238095,84,0
Acemaşîrân Peşrev,Muhammes,42,61.22506812940093,119.56196463396748,54.65004779386093,,,736.3333333333334,38,0
Hüseynî Peşrev,Hâvî,42,59.291974599755605,93.86056301310731,58.394530131500694,,,736.6666666666666,188,0
Mâhur Şarkı,Sofyan,84,56.669547924886196,78.99355459540456,58.018864685678714,,,739.4761904761905,110,0
Isfahân Şarkı,Mürekkep Sofyan,42,60.20966029896816,106.16892672510194,58.49714269637143,,,740.952380952381,103,0
Acembûselik Şarkı,Aksak,42,55.40401657355827,71.12575982267114,58.22399187718037,,,742.452380952381,45,0
Nihâvent Sazeseri,Nîmsofyan,84,57.664539168274814,113.80313274157261,59.306401029669146,0.0,0.0,743.1666666666666,2,3
Segâh Peşrev,Sofyan,42,63.141991809751424,137.9530409289248,56.54789607292578,,,745.6190476190476,59,0
Nikrîz Ağırsemâî,Aksaksemâî,42,56.32761273954838,76.60958469912654,58.959477430043506,,,746.547619047619,26,0
Isfahân Taksim,[Serbest],42,61.08643693255596,123.66850363190612,58.22123714159937,,,750.7857142857143,230,0
Bûselik Ağırsemâî,Ağır Aksaksemâî,42,62.708090081880066,139.3573043407655,58.76745401888668,,,751.1428571428571,53,0
Rast Şarkı,Ağıraksak,84,57.93692762094425,97.0078948905442,57.13846935708345,,,753.4642857142857,152,0
Rast Yürüksemâî,Yürüksemâî II (6/4),42,59.89500143914089,99.96630141045304,57.13719117401941,,,754.3333333333334,14,0
Gülizâr Sazsemâîsi,Aksaksemâî,42,60.631149444562084,122.69125735605216,58.117170460972055,,,760.5714285714286,221,0
Şehnâz Şarkı,Aksaksemâî,42,56.76095817821775,81.78136409804932,55.246143370186516,,,765.5714285714286,207,0
Kûçek Nefes,Düyek,42,58.28044263064513,88.39966993032489,58.908534587512534,,,767.8333333333334,128,0
Bûselik Şarkı,Evfer,42,56.61700935044775,76.21140699143693,58.81096103411377,,,769.7142857142857,13,0
Kürdîlihicazkâr Şarkı,Devr-i Hindî,168,57.62433277772243,109.08323183370297,56.52104888649556,,,772.1964285714286,44,0
Hicazkâr Peşrev,Muhammes,42,61.03091878856005,119.8901054598966,57.24650663202136,,,772.5714285714286,165,0
Sipihr Sazsemâîsi,Aksaksemâî,42,61.166790620016336,117.99624843120752,56.67472894256608,,,773.3809523809524,161,0
Hicaz-Uzzâl Köçekçe,Aksak,42,54.688291616561216,71.09139596537179,57.241205146066775,,,773.6904761904761,132,0
Mâhur Şarkı,Evsât,42,55.15616346456948,71.39116889111108,58.61380601533099,,,775.6428571428571,85,0
Acemaşîrân Şarkı,Sofyan (4/2),42,59.6895064916687,101.75084084430593,56.973830190049966,,,775.8571428571429,157,0
Hüzzam Ağırsemâî,Aksaksemâî,42,54.84764140636795,70.59474865842412,58.66165507790177,,,776.3095238095239,33,0
Bestenigâr Sazsemâîsi,Aksaksemâî,42,59.6649230607363,107.23322620670592,56.535957935704,,,779.7380952380952,146,0
Sûzidil Murabbâ,Remel (28/4),42,56.71483208247114,86.00235835281403,56.621454101510906,,,781.1190476190476,151,0
Ferahnâk Yürüksemâî,Yürüksemâî II,42,55.74350339617586,72.42275700062528,58.96839906947978,,,781.6428571428571,157,0
Ferahnâk Peşrev,Zencîr,42,62.27848712197785,142.78129144568257,56.973302748111315,,,782.5714285714286,84,0
Beyâtî Şarkı,Devr-i Hindî,42,57.06456670460728,78.8628180855958,58.00557072707916,,,783.452380952381,230,0
Karcığar Beste,Sofyan,42,62.55489259422739,146.30010912100633,57.04007525930475,,,784.1666666666666,53,0
Mâhur Peşrev,Düyek,42,59.1811084614365,102.94745239489274,55.33730250308764,,,784.4761904761905,258,0
Şedarabân Şarkı,Ağıraksak,84,60.34941511452782,107.25982338352048,57.535102489696826,,,785.2857142857143,162,0
Sûzidil Peşrev,Devr-i Kebîr,42,61.615859292648096,125.57521300676804,56.167378232496034,,,785.3809523809524,144,0
Rast Nakış,Yürüksemâî(6/4),42,59.820177726276626,107.95136422625933,56.98162393710291,,,787.5238095238095,272,0
Acemaşîrân Şarkı,Ağırdüyek,42,55.72704485378043,73.08362999716508,59.39834936671345,,,789.3095238095239,180,0
Tâhirbûselik Beste,Berefşan,42,53.46906762727877,66.53162870936623,56.340709329276095,,,792.1904761904761,51,0
Şedarabân Sazsemâîsi,Aksaksemâî,42,60.96450989534053,113.05317654667633,54.86208194617164,,,795.5952380952381,256,0
Nişâbur Beste,Muhammes,42,59.06837584921352,99.5522762271483,58.693674115671044,,,799.0714285714286,160,0
Hicazkâr Türkü,Aksak,42,54.44348768535588,68.07146143797543,57.95642175696209,,,802.2619047619048,39,0
Karcığar Ağırsemâî,Aksaksemâî,42,60.826395049246514,115.98436620781715,55.87290821726755,,,805.4761904761905,242,0
Ferahfezâ Peşrev,Hafîf (32/8),42,62.02541937408658,142.7666783480278,55.77256461430842,,,805.6904761904761,85,0
Sûzidil Yürüksemâî,Yürüksemâî(6/4),84,62.327831375009424,139.64196201278415,56.18583549509731,,,805.9404761904761,107,0
Hüseynî Türkü,K. Curcuna,42,54.96321349830772,67.51442007028753,58.632339135550716,0.0,0.0,807.8571428571429,1,2
Beyâtî Mehter,Yürüksemâî II,42,62.29430303688925,144.9230817994426,56.63660354458069,,,808,64,0
Müstear Sazsemâîsi,Aksaksemâî,42,53.36819188473732,63.34026451159794,56.10835708780814,,,810,29,0
Nişâburek Peşrev,Düyek,42,63.22477965676739,145.78034482807777,57.98289820263733,,,812.1904761904761,31,0
Hicaz Şarkı,Türkaksağı,42,55.252469960009925,76.51873433878501,58.39420640110081,,,814.452380952381,26,0
Mâhur Şarkı,Evfer,42,57.89639582529046,93.34382518985767,55.94935275288357,,,814.6666666666666,264,0
Şehnâz Şarkı,Ağıraksak,42,59.854119033068166,103.30943284143407,55.78859372084103,,,815.3809523809524,125,0
Uşşak Ağırsemâî,Ağır Aksaksemâî,42,57.729922457334965,96.65840993884382,56.82694989693327,,,815.5952380952381,27,0
Gülzâr Sazsemâîsi,Aksaksemâî,42,58.96571388276833,100.22330203583323,55.63527015996334,,,815.8095238095239,126,0
Evcârâ Şarkı,Aksaksemâî,42,59.536136310492964,103.42801859900594,56.18776434421258,,,815.8095238095239,144,0
Hicaz-Hümâyûn Ağırsemâî,Aksaksemâî,126,58.89060577873712,126.48112320559345,52.54092073341846,0.0,0.0,816.936507936508,9,1
Isfahân Şarkı,Ağıraksak,84,58.387665695390616,107.56093467982386,57.50882904328221,,,818.8809523809524,170,0
Sûzinâk-Zirgüle Şarkı,Türkaksağı,42,55.73963986404843,78.0241740066925,56.22140025328599,,,821.047619047619,227,0
Bûselik Türkü,Semâî,42,59.31201357764873,99.26729945453738,56.5430454590133,,,822.547619047619,122,0
Bûselik Şarkı,Aksak,336,56.25498417453711,114.47316848368806,55.14755268365015,,,823.7470238095239,26,0
Muhayyer Peşrev,Fer'i Muhammes (16/8),42,57.49119671744255,88.97668642526135,56.074931656915496,,,824.452380952381,116,0
Ruhnevaz Beste,Ağırdüyek,42,62.4170240946046,144.76587062465393,56.29274986359863,,,826.9047619047619,65,0
Geveşt Sazsemâîsi,Aksaksemâî,42,55.46636309034535,75.9785825095836,58.655351060510775,,,827.1190476190476,120,0
Beyâtî Sazsemâîsi,Aksaksemâî,252,58.779268154708284,131.05287525303686,55.349678335206534,0.0,0.0,828.0595238095239,5,1
Nev`eser Şarkı,Senginsemâî,84,59.82854659550392,128.31322073641016,57.62673813665191,,,828.9642857142857,107,0
Ferahfezâ Peşrev,Muhammes,42,61.291894688935564,139.90121628609666,54.03072482844775,,,831.047619047619,81,0
Uşşak Ruy-i Nikriz Peşrev,Hâvî,42,61.97826683470999,143.21815012828156,54.41978893775109,,,831.0714285714286,79,0
Hüzzam Şarkı,Ağırsenginsemâî,42,56.910152510274884,86.22793754175721,57.64051466366931,,,831.5238095238095,150,0
Nişâburek Şarkı,K. Curcuna,42,56.76982595586188,83.54208281515096,56.34507879932691,,,834.7619047619048,348,0
Rast Peşrev,Muhammes,42,62.47237129185469,149.500925249262,54.675615728810016,,,837.2619047619048,39,0
Hicaz-Hümâyûn Şarkı,Aksak (9/4),42,54.41227867738495,67.17752249730393,58.50283522300707,,,837.5238095238095,136,0
Tâhir Türkü,Senginsemâî,42,53.914292050168996,66.98184260648193,57.40746937560269,,,839,65,0
Bestenigâr Şarkı,Ağıraksak,84,59.831073105307965,110.36063637775247,56.50331992825927,,,840.3690476190476,56,0
Şevk`efzâ Şarkı,Çiftesofyan,42,56.16120854736435,77.70629069779028,59.41626066814524,,,841.9285714285714,211,0
Acemkürdî Sazsemâîsi,Aksaksemâî,42,58.567240053935,95.6415923404461,57.50055094711612,,,843.6190476190476,209,0
Mâhur Şarkı,Şarkı Devr-i Revânı,84,56.1237647825689,81.79483256478522,57.00691479586813,,,846.8452380952381,151,0
Sabâ Türkü,Sofyan,84,53.83832594497421,72.56537644610252,55.92021452392036,,,847.6071428571429,142,0
Uşşak Yürüksemâî,Yürüksemâî,42,54.44800970163477,68.57566387881006,59.93942573289846,,,847.7857142857143,27,0
Arazbârbûselik Beste,Çenber,42,62.37222683846268,139.43188270773962,55.97611553435807,,,848.7142857142857,47,0
Hüseynî Yürüksemâî,Yürüksemâî(6/4),42,58.10295091393076,89.37786211150569,57.42932954686283,,,849.9761904761905,173,0
Mâhur Peşrev,Hafîf,42,55.86578075550722,77.2854532866648,57.739291967069875,,,850.952380952381,354,0
Rast Şarkı,Devr-i Hindî,126,56.03080277202353,114.43993999769232,56.17404408716567,,,852.8333333333334,69,0
Tâhirbûselik Sazsemâîsi,Aksaksemâî,42,59.05899585881503,106.29163586063854,56.94695522477352,,,855.047619047619,104,0
Hüseynî Şarkı,K. Curcuna,42,55.19893603627265,71.62247550831718,60.84260505745936,,,855.1904761904761,194,0
Isfahân Türkü,Aksak,42,58.74851893638828,93.41410923212143,57.36503220209315,,,856.4761904761905,260,0
Sûzinâk-Zirgüle Şarkı,Yürüksemâî(6/4),42,53.9961776104127,67.01540942457892,57.92357469589278,,,858.7380952380952,50,0
Hüzzam Şarkı,Ağıraksak,294,58.86489279424671,113.68185742186661,55.46649123256871,,,859.9727891156463,11,0
Nevâ Şarkı,Yürüksemâî II,42,52.88466167095145,64.16492229758111,55.34256054007767,,,860.2380952380952,21,0
Acemaşîrân Nakış,Yürüksemâî(6/4),42,58.970714024206394,104.17018175912749,55.754651888320396,,,861.4285714285714,385,0
Nevâ Ağırsemâî,Aksaksemâî,42,61.23370316169394,127.98411406136711,55.74035468600635,,,862.8809523809524,105,0
Dilküşâ Sazsemâîsi,Aksaksemâî,42,57.6431896410613,97.86185366103818,54.700190035799025,0.0,0.0,869.0952380952381,9,1
Hüseynî Şarkı,Ağıraksak,210,57.55972628644713,105.37518465809933,55.61963636778046,,,869.8095238095239,82,0
Kürdîlihicazkâr Şarkı,Yürüksemâî(6/4),42,57.15916853198729,87.23883682135917,57.607410826342246,,,870.6904761904761,123,0
Hüseynî Türkü,14/4,42,52.80147501603127,62.746531561755134,54.964984764371195,0.0,0.0,871.5238095238095,2,1
Rûy-i-Dilârâ Sazsemâîsi,Aksaksemâî,42,56.61798388257092,83.74296091160195,56.39447884747696,,,872.5,325,0
Hicazkâr Köçekçe,Devr-i Hindî (7/8),42,53.783855833418556,67.61401720578985,57.47744678214109,0.0,0.0,873.547619047619,6,1
Sazkâr Sazsemâîsi,Aksaksemâî,42,58.06984407486023,95.48754154362055,56.13456820988833,,,873.6666666666666,352,0
Acemkürdî Şarkı,Ağıraksak,42,58.636464446841714,107.45469697552466,56.43032139412763,,,874.047619047619,93,0
Şehnâz Sazsemâîsi,Aksaksemâî,42,56.5506282530334,89.09376072868892,54.85900241177358,,,875.5238095238095,300,0
Muhayyer İlâhî,Sofyan,42,53.118442623590184,65.22575939530427,56.92554414486017,,,877.7142857142857,141,0
Nev`eser Şarkı,Semâî,42,60.18744086819777,117.3931718171497,54.737134476682066,,,878.8095238095239,237,0
Uşşak Şarkı,Sofyan,168,54.12505500652475,95.67987016594653,52.67168074840478,,,880.1666666666666,31,0
Muhayyerkürdî Fantezi,Düyek,42,58.66148252005075,98.71274464972296,58.53623999783459,,,883.0714285714286,342,0
Uşşak Şarkı,Nîmsofyan,126,57.0068283275671,103.93268686972296,54.42165653094909,,,883.3492063492064,22,0
Sultânîyegâh Şarkı,Ağıraksak,84,57.04492707730646,84.55605130111837,58.464310593142386,,,884.5238095238095,56,0
Hüseynî Ağırsemâî,Aksaksemâî,84,57.730241778394216,142.11042732412798,55.263054277016266,,,885.2738095238095,49,0
Ruhnevaz Sazsemâîsi,Aksaksemâî,168,59.01110357622622,141.8101294494235,56.36144623796062,,,885.3095238095239,92,0
Nişâburek Şarkı,Türkaksağı,84,57.869626387407465,125.57582271682824,57.104760795643045,,,886.7142857142857,69,0
Bûselik Fantezi,Aksaksemâî,42,53.85797686697073,67.73989811573938,58.607227414729536,,,886.9047619047619,38,0
Vecd-i-Dil Türkü,Nîmsofyan,42,59.33026794274337,110.24366820376284,55.19489496034739,,,887.3333333333334,288,0
Uşşak Şarkı,Müsemmen (8/4),42,53.13192762535358,66.41404797620412,56.2528366475633,,,887.4047619047619,28,0
Yegâh Şarkı,Curcuna,42,56.74132375733072,82.29218858844992,57.804735367314606,,,889.4047619047619,247,0
Hisarbûselik Şarkı,Aksak,252,56.96817459446892,103.957182113842,56.76415937650013,,,892.3333333333334,51,0
Eviç Türkü,Curcuna,42,58.21135833605859,103.19904398032403,54.25809504069237,,,894.3809523809524,299,0
Uşşak Beste,Ağırçenber,42,61.19037689551615,131.22878444042735,54.6687148223649,,,895.2142857142857,114,0
Sabâ Şarkı,Aksak,378,55.36283662932295,102.25209018010659,56.47909321298674,,,896.0079365079365,46,0
Şehnâz Şarkı,Ağırevfer,42,53.37770946352359,68.49037213681999,57.441870271363626,,,899.1666666666666,204,0
Hisarbûselik Şarkı,Curcuna,42,54.43075756271448,73.71837449588509,57.445617566487485,,,900.6190476190476,141,0
Sabâ-Zemzeme Şarkı,Aksak,42,54.5330760415218,71.21504174661979,57.732292410106865,,,900.6428571428571,190,0
Segâh Sazeseri,Sofyan,42,52.42649890278638,63.53994455627204,55.904405867462046,,,900.7380952380952,24,0
Yegâh Şarkı,Ağıraksak,84,59.97964455863953,117.7630236490578,56.158656030929876,,,902.9404761904761,157,0
Sabâ Şarkı,Senginsemâî,126,56.27980195344639,95.78447960249181,57.51381178478364,,,903.6507936507936,95,0
Acemaşîrân Şarkı,Devr-i Hindî,42,61.08120809896835,129.6596571378102,53.90865959232043,,,905.3095238095239,154,0
Muhayyer Şarkı,Sofyan,168,55.22484307495743,79.43565422031891,56.92936872215872,0.0,0.0,905.5952380952381,6,2
Müstear Şarkı,Aksak,168,53.20168915226891,71.49048396448286,54.6199141562424,0.0,0.0,905.827380952381,3,3
Karcığar Şarkı,Senginsemâî,42,59.44896264494769,103.15856664002747,57.93004930389051,,,909.7857142857143,77,0
Nev`eser Yürüksemâî,Yürüksemâî II (6/4),42,60.48714663628694,137.37850743547125,55.9722980798406,,,909.9047619047619,119,0
Hüseynî Şarkı,Düyek,168,53.22143744013891,94.60583241805595,54.64416330827531,0.0,0.0,916.75,3,1
Acemaşîrân Şarkı,Düyek,252,57.16945400310353,121.46204982242917,55.863647889591114,0.0,0.0,917.5753968253969,10,1
Beyâtî Şarkı,Ağıraksak,294,58.21682288282281,131.07747662659403,55.578050366609475,,,918.0204081632653,21,0
Kürdî Fantezi,Sofyan,42,56.706602811273434,90.15435137818689,55.10654006635575,,,918.4761904761905,51,0
Nev`eser Şarkı,Aksak,210,59.09486121193233,156.91862934899243,55.579787256774765,0.0,0.0,919.2047619047619,6,2
Sûzinâk-Zirgüle Şarkı,Semâî,42,55.64467641985681,80.29532973490426,58.61718791178569,,,922.2380952380952,359,0
Hicazkâr Şarkı,Aksak,336,55.099926479332034,130.82691713214047,56.15600457567447,0.0,0.0,924.4613095238095,6,1
Şehnâzbûselik Sazsemâîsi,Aksaksemâî,84,58.62346002081339,103.47471768857199,53.65037437337327,,,925.6071428571429,66,0
Evcârâ Yürüksemâî,Senginsemâî,42,52.63889903037234,63.39010403534028,54.9929527204037,,,928.8809523809524,23,0
Ferahnâk Sazsemâîsi,Aksaksemâî,42,56.187272278753305,83.04259707994466,55.46194084387852,,,929.2142857142857,109,0
Uşşak Beste,Nîmdevir,42,60.682891140908715,137.7471191911942,55.10451719653027,,,929.5952380952381,59,0
Yegâh Peşrev,Devr-i Kebîr,42,58.24305094694655,103.62414295136705,55.939290756197096,,,933.3333333333334,270,0
Isfahân Şarkı,Aksak,168,54.82253211492391,87.43261991558074,54.97053269855101,,,934.3630952380952,22,0
Hüzzam Şarkı,Türkaksağı (5/4),42,57.410442254833654,90.37022435335828,55.045649903913606,,,935.1666666666666,323,0
Muhayyer Zeybek,Aksak,42,55.589082333447436,82.45223819149732,55.077230178368616,,,935.1904761904761,111,0
Uşşak Şarkı,Senginsemâî,84,54.13421535240157,97.40530405015575,51.307005753782484,,,935.25,48,0
Kürdîlihicazkâr Şarkı,Ağıraksak,420,57.517362949042955,128.0010976205638,54.97013952103563,,,937.3357142857143,26,0
Uşşak Şarkı,Düyek,840,55.471534075927295,122.25949003736615,55.121835882576605,0.0,0.0,939.9214285714286,1,5
Segâh Şarkı,Çiftesofyan,42,55.28212766018059,83.45997353174545,54.60462759963691,,,940.6190476190476,252,0
Çargâh İlâhî,Devr-i Kebîr,42,53.476622676370674,68.51398344380759,56.97619815861855,,,940.7380952380952,256,0
Hisarbûselik Şarkı,Düyek,126,56.40439430142235,135.17212770291752,49.79339589984226,,,940.9047619047619,12,0
Gülizâr Türkü,Sofyan,42,57.64048964914056,97.56206007923385,54.96389960867432,,,942.4047619047619,165,0
Hicaz-Uzzâl Şarkı,Senginsemâî,126,56.15314969718338,118.58000378931956,55.37963176646386,,,943,14,0
Hüseynî Şarkı,Senginsemâî,42,52.87496364837794,66.44664467151861,56.59431594947377,,,946.1428571428571,333,0
Kürdîlihicazkâr Şarkı,Türkaksağı,336,57.74740950175938,127.54484218053972,54.15160518994313,,,946.2678571428571,12,0
Eviç Rumelitürküsü,Sofyan,42,52.08693712137748,61.159914270206876,55.19308114414649,,,946.4761904761905,52,0
Bûselik Sazsemâîsi,Aksaksemâî,126,57.85774153819821,121.5274789771117,54.89762213076564,,,947.3888888888889,37,0
Hisar Sazsemâîsi,Aksaksemâî,42,52.21415899661851,65.6293425815522,55.92505124840976,,,950.3571428571429,116,0
Bûselik Şarkı,Düyek,588,55.68591160346675,131.59572804082217,55.0657290237658,0.0,0.0,950.5969387755102,2,5
Beyâtî Şarkı,Ağırdüyek,42,54.09930245587379,70.55351202966486,57.3253932131292,,,952.8095238095239,56,0
Hicaz Şarkı,Ağıraksak,336,57.13098882160908,123.10801198906512,54.327883337393246,,,955.952380952381,26,0
Beyâtî Şarkı,Düyek,378,55.157723476106746,111.27813819050024,53.27141143605232,0.0,0.0,959.0899470899471,5,2
Hicaz-Zirgüle Şarkı,Aksak,84,54.720155699924085,85.52043312207158,57.45158218336025,,,960.6428571428571,140,0
Muhayyer Sazsemâîsi,Aksaksemâî,42,56.74738398905989,94.57753004745186,56.85746923314706,,,962.0952380952381,262,0
Hicazkâr Şarkı,Düyek,630,56.43075628174451,141.71931327843112,55.39502587706357,,,962.2682539682539,14,0
Karcığar Sazsemâîsi,Aksaksemâî,126,57.097909454709445,131.84863235480572,54.720806925622426,,,963.0396825396825,45,0
Nigâr Sazsemâîsi,Aksaksemâî,42,54.747403271445805,75.94776009903507,55.397735026845695,,,965.0238095238095,276,0
Hisarbûselik Şarkı,Türkaksağı,84,53.26781478774817,72.72829225625479,56.57227770868671,,,966.547619047619,124,0
Mâhur Şarkı,Müsemmen,84,54.93594045436418,98.14205959488463,53.90424061894109,,,967.1666666666666,167,0
Nihâvent Şarkı,Ağıraksak,210,57.104765920653655,127.33763691765927,56.30910234439208,,,968.2666666666667,121,0
Nişâburek Şarkı,Devr-i Hindî,42,51.33588311936831,60.402828171453805,54.15504193181211,,,970.0952380952381,49,0
Rehâvî Şarkı,Sofyan,42,53.73641456702337,70.89266752424942,58.41860121400671,,,970.3095238095239,295,0
Hicaz-Uzzâl Türkü,Evfer,42,54.052507344435156,74.3867257002761,55.71670099847135,,,970.8571428571429,275,0
Hisarbûselik Yürüksemâî,Yürüksemâî II (6/4),42,54.23195780898634,74.63995979902353,57.94660834533512,,,972.5238095238095,109,0
Sabâ Şarkı,Ağırdüyek,42,54.886965110515305,76.54720551930053,55.636649486518635,,,973.047619047619,346,0
Nihâvent Şarkı,K. Curcuna (10/16),42,57.186224042805,97.0035635273721,54.87806511076628,,,973.8571428571429,344,0
Ferahnâk Şarkı,Semâî,42,53.64502641975165,71.17738289079487,57.81238309735551,,,976.6190476190476,235,0
Yegâh Sazsemâîsi,Aksaksemâî,42,51.91070868076387,69.44578708867711,55.09900808150733,,,976.7619047619048,136,0
Hicaz-Uzzâl Şarkı,Katikofti,42,54.90846244391567,77.58699622350142,54.549383665753446,,,976.8095238095239,239,0
Sultânîyegâh Murabbâ,Hafîf,42,55.28679666013467,80.12285159115798,56.21780182428661,,,978.0952380952381,147,0
Hicaz Medhal,Sofyan,84,53.65451895009114,84.4715729807271,55.85175248905577,,,978.5595238095239,27,0
Nihâvent Taksim,[Serbest],42,56.27014997456482,91.30000441612422,52.63766626351716,,,981.0714285714286,113,0
Uşşak Şarkı,Yürüksemâî II,42,55.96167809805187,83.53245922563964,55.156316553485595,,,982.547619047619,69,0
Uşşak Yürüksemâî,Yürüksemâî(6/4),126,56.66737990578431,117.89516690812899,52.830351381035946,,,987.8492063492064,21,0
Nikrîz Şarkı,Curcuna,84,54.918665200323396,81.76635853515727,58.28393577815662,,,989.2142857142857,15,0
Hicaz-Hümâyûn Şarkı,Ağırdüyek,42,53.831865718210636,73.52473670639746,57.94449216707757,,,989.2857142857143,296,0
Nev`eser Şarkı,Devr-i Hindî (7/8),126,57.251792628753655,128.21794570446448,54.207095928190896,,,989.968253968254,93,0
Acemaşîrân Selam,Ağırdüyek,42,60.37722942199713,143.05959061103508,52.75209409763616,,,995.3809523809524,80,0
Muhayyerkürdî Şarkı,Aksak,126,53.252862888793274,98.7208653324273,51.787864348058925,,,996.1666666666666,45,0
Acemaşîrân Şarkı,Raksaksağı,42,55.982533991098364,88.97676904952179,53.78521538577688,,,996.2857142857143,505,0
Hicaz-Hümâyûn Türkü,Aksak,84,54.863585438064206,109.69782242336949,50.48795217194957,,,996.3690476190476,12,0
Mâhur Marş,Nîmhafîf,42,57.156824713038354,90.4775326116531,56.939670400428426,,,996.8809523809524,191,0
Hicaz-Uzzâl Beste,Lenk Fahte,42,54.39400543692048,72.45206795702958,57.599255598149696,,,997.3571428571429,355,0
Karcığar Şarkı,Türkaksağı,84,54.373261388495884,85.41992925653831,55.09303527343637,,,997.5119047619048,23,0
Rehâvî Marş,İkiz Aksak,42,51.2834785804066,61.42390946660332,54.144851725066275,,,999.2142857142857,68,0
Gerdâniye Şarkı,Düyek,42,51.01742345876408,61.12128386704324,53.796815190897576,0.0,0.0,1002.9285714285714,7,1
Hüseynî Şarkı,Devr-i Hindî,84,57.27338431073826,103.17573610381022,56.129652778668046,,,1003.9166666666666,59,0
Hüzzam Şarkı,Düyek,1344,54.07787320862898,136.1982319832815,55.21891547110778,0.0,0.0,1005.2366071428571,3,2
Hüzzam Şarkı,Türkaksağı,252,53.21749988620503,94.14698143660796,54.75457852367535,,,1006.484126984127,84,0
Hüseynî Şarkı,Müsemmen,84,53.80464104134238,75.34225319207431,58.08932644133028,,,1007.797619047619,167,0
Hicaz Peşrev,Hafîf,42,59.42604202725742,133.33583485404716,53.745070323217476,,,1011,137,0
Kürdîlihicazkâr Sazsemâîsi,Aksaksemâî,168,57.58452418601361,120.90453906346819,54.11771677828055,,,1011.3452380952381,37,0
Bûselik Şarkı,Yürüksemâî(6/4),84,54.09572743029793,85.38388584746129,54.28928142535389,,,1013.5952380952381,58,0
Acemaşîrân Şarkı,Ağıraksak,210,55.195681596897614,94.35942906636004,54.88272946395366,,,1014.6619047619048,13,0
Nihâvent Şarkı,Devr-i Hindî (7/8),84,56.28591177329905,108.19196963415978,55.226444250704716,,,1014.7619047619048,321,0
Acemaşîrân Selam,Mevlevî Evferi,84,52.07899354153693,91.57570020499361,43.287904947911066,0.0,0.0,1016.0714285714286,3,2
Segâh Şarkı,Devr-i Hindî,84,54.37238022416132,92.78023371269262,55.23341353584816,,,1019.8809523809524,161,0
Hicazkâr Fantezi,Düyek,42,54.802645221126,80.92151977355248,54.488417645692834,,,1020.7619047619048,110,0
Muhayyer Şarkı,Yürüksemâî(6/4),42,52.788676989543625,69.31514958552528,55.945501465156,,,1020.8333333333334,260,0
Hüzzam Peşrev,Fahte,42,59.24099678776136,130.64843021027883,53.711867835372516,,,1023.1666666666666,171,0
Hüseynî Dîvân,Sofyan,42,55.16550544984325,84.33953727565014,55.135287610776984,,,1023.4047619047619,392,0
Beyâtî Peşrev,Darb-ı Fetih,42,58.991400378104316,136.3046826587349,54.0970557272145,,,1023.9761904761905,135,0
Vecd-i-Dil Peşrev,Muhammes,42,59.906634975717715,134.43166973658535,51.62130060557878,,,1024.0238095238096,149,0
Aşkefzâ Şarkı,Sofyan,84,54.69900879887317,134.65505368440105,47.938364438518235,,,1028.9166666666667,34,0
Uşşak Taksim,[Serbest],42,58.00490172834617,128.5569138699068,53.13393178939924,0.0,0.0,1030.3095238095239,1,1
Sûzinâk-Zirgüle Sazsemâîsi,Aksaksemâî II,42,55.002278781174056,79.6061892693878,56.63850924465747,,,1031.595238095238,331,0
Muhayyer Şarkı,K. Curcuna,42,54.123685838411966,73.88215358710372,55.62625521209495,,,1033.047619047619,107,0
Hicaz-Zirgüle Tevşihilâhi,Evsât (26/4),42,53.704304120230304,76.18107320367014,54.73410337719534,,,1033.595238095238,220,0
Hicazkâr Şarkı,Ağıraksak,210,56.35401335134781,107.63446528570198,54.602943061912555,,,1034.8,137,0
Şehnâz Ağırsemâî,Senginsemâî,42,55.852739265578805,86.91709652650454,54.18804889931657,,,1035.0714285714287,277,0
Uşşak Şarkı,Devr-i Hindî,84,52.05605035141421,72.33706210922632,53.14297950206054,,,1035.392857142857,168,0
Kürdîlihicazkâr Şarkı,Aksaksemâî,42,55.560050369594265,86.75568291088112,54.467359855720886,,,1036.142857142857,114,0
Kürdîlihicazkâr Şarkı,Aksak,1176,54.86032459860385,142.97750127141668,54.003896873526415,,,1036.3401360544217,11,0
Hüseynî Peşrev,Devr-i Kebîr,126,57.06951569204066,145.90249909896846,52.28389161691398,,,1040.7539682539682,41,0
Hicaz-Uzzâl Şarkı,Sofyan,84,53.20230094828631,84.73138354324165,53.75501835540677,,,1040.845238095238,82,0
Sûzinâk Şarkı,Türkaksağı,84,55.06265164316109,94.633022922534,54.087912925425826,,,1041.1190476190477,127,0
Rast Şarkı,K. Curcuna,84,52.28625600713302,69.1708591356077,56.56609727154739,,,1042.452380952381,249,0
Eviç Şarkı,Senginsemâî,84,53.86858324763942,76.53487812209292,53.951368499927995,,,1043.392857142857,30,0
Beyâtî Şarkı,Aksaksemâî,42,50.8985084760755,63.09659345872267,54.65686821287991,,,1045.547619047619,135,0
Beyâtî Şarkı,Curcuna,126,54.244519087798245,91.557869747127,55.231251059513596,,,1049.420634920635,50,0
Şedarabân Şarkı,Yürüksemâî II,42,51.88347335364201,65.45537791339545,55.33421798274285,,,1051.047619047619,213,0
Nişâburek Yürüksemâî,Yürüksemâî(6/4),42,54.78328997933912,85.68904145885942,54.31000729372775,,,1051.4285714285713,491,0
Nevâbûselik Şarkı,Düyek,42,50.49036494620293,63.37358773058213,53.60498409482978,,,1051.7857142857142,24,0
Rast Beste,Beste Devr-i Revânı,42,58.02851700374036,110.40914963965847,53.93179972733988,,,1051.8809523809523,324,0
Hicaz Ağırsemâî,Ağırsenginsemâî,42,58.10358892856612,109.08334722275634,51.815227223839045,,,1052.3809523809523,143,0
Beyâtî Şarkı,Aksak,294,53.55488284522362,109.81362103670655,53.81404769129289,,,1056.955782312925,42,0
Sultânîyegâh Şarkı,Düyek,126,54.67385911532476,114.18540100545188,52.360868936554475,,,1057.9126984126983,44,0
Segâh Türkü,Raksaksağı,42,55.86745800086051,97.80288486879122,52.18884736307513,,,1059.047619047619,357,0
Şevk`efzâ Şarkı,Semâî,42,50.6586851664963,58.77217998413036,53.483723732963995,,,1059.142857142857,52,0
Karcığar Şarkı,Ağıraksak,168,56.97198158245533,133.71554532724204,54.82127980705802,0.0,0.0,1062.1488095238096,5,4
Sûzidil Sazsemâîsi,Aksaksemâî,126,55.30406590503554,97.4930923269128,55.676632149669494,,,1069.2301587301588,131,0
Ruhnevaz İlâhî,Yürüksemâî II (6/4),42,58.504348254338595,115.74241388201546,53.74568822447581,,,1070.6904761904761,230,0
Uşşak Peşrev,Çenber,42,50.95608361141003,63.69978261272148,53.23492214087996,,,1072.2142857142858,27,0
Eviç Şarkı,Devr-i Hindî II,42,51.16153429588555,62.65206852685208,54.737359200425004,,,1073,321,0
Yegâh Şarkı,Aksaksemâî,42,50.514193837193375,62.3096792896592,52.96608060423968,,,1076.3095238095239,99,0
Kürdîlihicazkâr Peşrev,Ağırdüyek,42,57.73428870517536,126.85981013514771,52.458270474790254,,,1076.6666666666667,209,0
Sûzinâk Şarkı,Aksak,378,55.48171106868943,139.88991955531066,53.573962958689236,,,1077.142857142857,62,0
Kürdîlihicazkâr Şarkı,Düyek,798,54.70325257995427,148.7762150396101,52.97961210758811,0.0,0.0,1077.4035087719299,1,35
Karcığar Şarkı,Düyek,336,55.31542477925988,134.08296971535967,51.05711010252524,0.0,0.0,1078.0029761904761,3,2
Sûzinâk-Zirgüle Şarkı,Devr-i Hindî,42,53.61930736313078,75.29728992425626,55.01158520341943,,,1078.047619047619,341,0
Nev`eser Peşrev,Hafîf,42,59.269110557297886,141.8061506639146,52.52090927998649,,,1078.2857142857142,93,0
Muhayyerkürdî Peşrev,Devr-i Kebîr,42,58.044691228457864,108.74351791308214,53.50007158394973,,,1078.404761904762,312,0
Hüseynî Türkü,Curcuna,168,52.57137948783537,130.482477246276,53.36702693693341,0.0,0.0,1079.5535714285713,1,26
Muhayyer İlâhî,Düyek,42,52.60492117693028,67.76762354107626,57.071836096260036,,,1080.642857142857,113,0
Aşîrân Zemzeme Peşrev,Sofyan,42,50.822266787089085,62.59113740841874,53.36501083374995,,,1081.8333333333333,278,0
Nihâvent Ağırsemâî,Aksaksemâî,84,55.20389500973203,101.7348843901403,51.599619572262675,,,1088.1309523809523,53,0
Şevk`efzâ Peşrev,Muhammes,42,59.36453898342171,143.22910710241013,53.620377493151366,,,1090.857142857143,77,0
Sûzinâk Sazsemâîsi,Aksaksemâî II,42,53.61537390903578,78.87001423131653,53.2784843576604,,,1093.1904761904761,296,0
Hicaz Şarkı,Sofyan,252,51.91808541442338,141.37805157748255,42.7951502408212,0.0,0.0,1094.845238095238,3,4
Şerefnümâ Sazsemâîsi,Aksaksemâî,42,54.81470802397563,89.7436625055379,54.15964467294319,,,1095.404761904762,124,0
Hüzzam Şarkı,Senginsemâî,168,53.40803655248437,137.85581283040813,50.63799284302951,,,1097.547619047619,71,0
Segâh Peşrev,Sakîl,42,59.038945179210145,133.4008530242617,53.23044369227869,,,1099.047619047619,156,0
Hüzzam Şarkı,Aksak,882,52.73675847782874,110.69400959865978,52.83494308185635,0.0,0.0,1100.077097505669,1,6
Nikrîz Şarkı,Düyek,42,50.95928609857665,64.49267920561037,54.2577705980144,,,1100.095238095238,110,0
Hüseynî Türkü,Raksaksağı,42,51.64851176612199,70.68442447216624,54.60092802714626,,,1100.5238095238096,156,0
Muhayyerkürdî Şarkı,Senginsemâî,42,50.28520877176588,61.60274255562526,53.07643598827866,,,1104.0714285714287,43,0
Nikrîz Nakış,Yürüksemâî(6/4),42,56.24587175480153,94.00094519304871,54.966369076873235,,,1105.357142857143,260,0
Acemkürdî Şarkı,K. Curcuna,168,49.97120595823344,68.55918603706972,54.13902991995411,,,1105.6785714285713,48,0
Sûzinâk-Zirgüle Şarkı,Yürüksemâî II,42,51.69409062877395,66.88336659672086,55.51460846784698,,,1106.2857142857142,257,0
Eviç Şarkı,Ağıraksak,126,57.42445722542708,111.44318869814084,53.61234442065428,,,1108.420634920635,199,0
Segâh Fantezi,Düyek,84,52.855412767537544,141.81086095903996,46.81355265800817,,,1108.4880952380952,88,0
Bûselik Şarkı,Türkaksağı,42,50.32655205569221,60.62781545728957,53.028623608030436,,,1110.6904761904761,15,0
Sûzinâk-Zirgüle Şarkı,Aksak,294,52.878378081890425,109.31292015504872,53.95831712900632,,,1111.9013605442176,176,0
Beyâtî Türkü,K. Curcuna,42,52.04435920510571,69.2719727112011,55.962076176718966,,,1115.4761904761904,51,0
Nev`eser Şarkı,Curcuna,168,58.05126400364193,131.65451876354237,52.749852914570695,0.0,0.0,1115.6845238095239,1,18
Sabâ Şuğul,Düyek,42,53.65632959495858,77.27695865795398,54.52555547008211,,,1115.7857142857142,613,0
Acem Türkü,Düyek,42,49.40270637189744,58.173037994338756,52.249999999999936,,,1116.047619047619,188,0
Uşşak Şarkı,Aksak,756,52.81446359387172,144.38917736152274,50.022596310684264,,,1116.1084656084656,27,0
Gülizâr Şarkı,Senginsemâî,42,49.014600785418835,56.93988871366841,51.70948597738084,,,1121.857142857143,47,0
Sabâ Şarkı,Türkaksağı,42,52.49986422622543,73.3467127653057,56.492152832088905,,,1124.3333333333333,383,0
Zîrefkend Peşrev,Darb-ı Fetih,42,50.72399565903797,64.38370207970952,55.23493994783267,,,1124.7619047619048,40,0
Hicaz-Hümâyûn Peşrev,Devr-i Kebîr (14/2),42,58.5229401035842,137.91520044218245,52.088145484227944,,,1126.3333333333333,121,0
Acemtarab Peşrev,Hâvî,42,58.404532856473274,136.72222150994423,54.82753645795485,,,1128.0714285714287,132,0
Uşşak Şarkı,Türkaksağı,168,50.61910895975983,105.19741001434522,48.02215612281378,,,1130.4464285714287,34,0
Nevâ Nakış,Yürüksemâî(6/4),42,55.90305988230579,118.77732263206717,50.30957707775079,,,1134.095238095238,143,0
Hüzzam Sazsemâîsi,Aksaksemâî,84,54.77354493793103,137.23550122298172,48.81307044572934,,,1134.2142857142858,28,0
Beyâtî Şarkı,Senginsemâî,42,50.013279729996334,59.543276593259215,53.16818738042625,,,1134.857142857143,295,0
Nihâvent Sazsemâîsi,Aksaksemâî,126,57.18564456499351,136.09161677158536,52.74016557616881,,,1136.0238095238096,76,0
Isfahân Şarkı,Düyek,42,51.38454887662543,65.23516075404599,55.83260894649786,,,1137.3809523809523,189,0
Sûzidil Şarkı,Çiftesofyan,42,53.12124872798994,74.02020804218955,54.02353580550811,,,1138.3809523809523,441,0
Muhayyer Şarkı,Senginsemâî,84,55.0573375057906,90.30305296642459,53.23536090419426,,,1139.75,334,0
Hicaz Yürüksemâî,Yürüksemâî(6/4),42,56.81184665018653,106.83018933776654,54.28247347120181,,,1148.1904761904761,341,0
Acemaşîrân Şarkı,K. Curcuna,84,53.32844853855112,104.12274902311057,51.76787070157962,,,1148.4761904761904,22,0
Karcığar Şarkı,Müsemmen,42,49.19196456341789,59.840543012338,52.25339329290438,,,1149.5714285714287,74,0
Şedarabân Ağırsemâî,Aksaksemâî,42,50.57032835613736,63.13177786040193,54.05841285918396,,,1151.5714285714287,339,0
Karcığar Türkü,Aksak,42,49.45010130629765,59.75594930289333,51.55756560437504,,,1152.4285714285713,36,0
Rast Kârçe,Devr-i Hindî II,42,52.43313957333721,71.44286033793314,55.51319780105492,,,1153.642857142857,392,0
Arazbârbûselik Sazsemâîsi,Aksaksemâî,42,58.46340287948936,137.412734535374,51.844826652876904,,,1154.1666666666667,126,0
Hüzzam Şarkı,Çiftesofyan,84,51.692701618628185,69.11175857191077,55.2726835647524,,,1155.904761904762,213,0
Sabâ Şarkı,Devr-i Hindî (7/8),42,52.71641332291094,72.48619035205047,54.578068173562144,,,1162.7857142857142,610,0
Segâh İlâhî,Düyek,42,55.389608476326494,94.36825775350324,52.09357055043421,,,1163.357142857143,393,0
Segâh Şarkı,Curcuna,126,50.59899991292111,68.49420704215112,52.15534714298123,,,1163.8412698412699,33,0
Sûzinâk Peşrev,Devr-i Kebîr,42,49.76775259908579,60.72143942858195,52.90676671324958,,,1165.1666666666667,214,0
Mâhur Ağırsemâî,Aksaksemâî,84,53.809272748449835,96.70331693669118,53.52469254515481,,,1165.4285714285713,380,0
Sûzinâk Şarkı,Ağıraksak,84,55.01228583069225,129.31784413360631,53.13012466291433,,,1165.547619047619,53,0
Ruhnevaz Şarkı,Devr-i Turan,84,57.39532700959258,127.53514950005211,52.10758925200821,,,1167.0357142857142,201,0
Ruhnevaz Sazeseri,İkiz Aksak,42,58.44250708190984,130.6327216288945,51.02182313279849,,,1168.9285714285713,173,0
Bûselik Şarkı,Ağıraksak,126,55.95666714807617,119.5478928676744,52.71231265305069,,,1169.404761904762,218,0
Hüzzam Türkü,Müsemmen II,42,52.783475137729084,75.22017869633156,53.577551415795114,,,1170.4761904761904,51,0
Hicazkâr Şarkı,Senginsemâî,84,54.06044148659083,85.47206943856813,53.54257998527,,,1172.25,273,0
Rast Beste,Düyek,42,53.87712461536127,108.01833403848852,53.34630854747968,,,1175.047619047619,344,0
Hicaz-Hümâyûn Şarkı,Nîmsofyan,42,51.51914879984863,66.87960648059104,56.92391979463592,,,1176.0238095238096,277,0
Hicaz Şarkı,Düyek,1134,52.364895705362684,127.9926165251371,50.55965364764735,0.0,0.0,1176.2072310405645,2,7
Mâhur Türkü,K. Curcuna,84,50.1569008928779,140.9319988090712,30.977782977407962,0.0,0.0,1177.4285714285713,7,5
Hicazkâr Köçekçe,Aksak,84,53.803953608173586,98.58294977157232,51.873455246854164,,,1177.4404761904761,21,0
Acemaşîrân Şarkı,Devr-i Hindî (7/8),84,51.924680270228755,87.29225340575769,51.490378903462044,,,1177.952380952381,260,0
Nev`eser Şarkı,Devr-i Kebîr,84,55.87243600232077,142.9302715346605,50.649982976553176,,,1178.2261904761904,83,0
Mâhur Şarkı,Curcuna,336,50.52001847657885,91.94635477432887,50.69975447773625,,,1178.297619047619,65,0
Mâhur Şarkı,Senginsemâî,126,53.13850995693561,91.27964109730709,54.590523424690055,,,1178.9603174603174,144,0
Karcığar İlâhî,Düyek,42,49.94530641966755,62.66446928870474,52.4045119969001,,,1179.4761904761904,279,0
Sûzinâk-Zirgüle Şarkı,Sofyan,42,51.01356710029473,65.7747285151992,55.76225225186717,,,1182.8333333333333,175,0
Segâh İlâhî,Devr-i Hindî (7/8),42,49.201964998925085,59.98828373740862,51.67579272991976,,,1184.2142857142858,108,0
Mâhur Marş,Sofyan,42,52.337505519307314,76.20133395443973,53.781166440874436,,,1189.452380952381,272,0
Rast Şarkı,Curcuna,462,51.94947348556456,120.58798913918345,51.163222802016534,,,1190.5064935064936,55,0
Eviç Şarkı,Aksak,84,51.466391793457205,89.62755262666795,48.96708776548381,,,1191.4761904761904,58,0
Bûselik Mehter,Yürüksemâî II,42,52.58317071345772,77.15217323173391,54.27945341202575,,,1193.5,288,0
Nev`eser Beste,Çenber,42,53.26372871958914,77.72311256985664,52.597355596297795,,,1195.9285714285713,515,0
Kürdîlihicazkâr Şarkı,Aydın,42,50.64921459806513,63.048138603621396,54.27425663095296,,,1196.4761904761904,340,0
Nihâvent Şarkı,Sofyan,588,51.70218466525119,107.90746225282173,49.769134995220554,0.0,0.0,1196.6972789115646,6,2
Nikrîz Zeybek,Aksak (9/4),42,51.93540714461063,71.2293015543332,52.23283659058106,,,1201.3333333333333,464,0
Hisarbûselik Şarkı,K. Curcuna,42,50.88728641577783,67.1024640548852,53.491589420105825,,,1203.6666666666667,294,0
Sabâ-Zemzeme Şarkı,K. Curcuna,42,52.44172525493274,77.53411171084916,52.761257555489934,,,1204.6666666666667,372,0
Hicaz-Hümâyûn Sazsemâîsi,Aksaksemâî,126,50.35517694130094,134.25792302552964,48.5644045426248,,,1206.547619047619,91,0
Hicaz-Uzzâl Sazsemâîsi,Aksaksemâî,84,52.84266601659413,88.5295509941265,51.7838467433932,,,1208.2380952380952,163,0
Karcığar Peşrev,Çiftedüyek,42,58.43061059599833,142.52447387577604,52.81531625860248,,,1208.9285714285713,86,0
Eviç Şarkı,Sofyan,42,52.550771403974025,73.89259558416056,53.41596720956498,,,1209.452380952381,602,0
Şedarabân Şarkı,Devr-i Hindî,42,54.970518130767836,89.75160939238395,51.32043825047396,,,1209.642857142857,311,0
Hüzzam Peşrev,Devr-i Kebîr,42,57.813869265626984,135.555485040023,50.90984019328373,,,1212.1666666666667,143,0
Hüzzam Şarkı,Müsemmen,42,51.32172562531736,67.45259646738542,54.81765431149053,,,1212.2142857142858,548,0
Hicaz-Uzzâl Şarkı,Aksaksemâî,42,55.19444010293974,101.98489899184149,51.169678890783494,,,1215.2380952380952,421,0
Hicaz Şarkı,Evfer,84,49.57202745316545,67.96525293707869,51.914594293512636,,,1216.4285714285713,109,0
Hüzzam Taksim,[Serbest],42,56.22844149547735,127.93381867963593,50.79281824229699,,,1216.6666666666667,198,0
Şîvenümâ Beste,Devr-i Revân,42,49.75116832264537,61.99616936833745,53.9957598084256,,,1216.7380952380952,555,0
Eviç Türkü,Sofyan,42,55.285680859520184,104.45575969446116,49.49949748779505,,,1218.142857142857,352,0
Nihâvent Yürüksemâî,Yürüksemâî(6/4),126,53.87546159295816,141.08710448977408,48.887675879271654,,,1219.079365079365,96,0
Hüzzam Kanto,Aksak,42,49.95813390394265,62.984483733704735,53.12408810595271,,,1219.1666666666667,167,0
Hicaz-Uzzâl Şarkı,Devr-i Hindî,126,53.116937093790845,99.51611101851489,52.68768065153496,,,1219.6507936507937,289,0
Hicaz-Uzzâl Şarkı,Düyek,378,51.981062445255816,115.8217616631979,50.609635627011244,,,1222.888888888889,39,0
Anberefşân Sazsemâîsi,Aksaksemâî,42,51.45371240367194,70.79272137247436,53.701429755845204,,,1224.1666666666667,598,0
Segâh Şarkı,Aksak,336,50.532393827486054,125.55581553706494,49.86797747206796,,,1229.2142857142858,43,0
Nev`eser Şarkı,Ağıraksak,42,56.76206134437536,126.78512207734492,52.30257075414575,,,1229.7380952380952,210,0
Sûzidil Şarkı,K. Curcuna,42,53.17737481830966,78.95530597330658,52.95899806687714,,,1230.904761904762,499,0
Hüseynî Şarkı,Aksak,462,49.55130432983742,92.50807082323674,50.760439860222476,,,1231.344155844156,20,0
Rengidil Gazel,,42,51.38712369414826,68.18926796329761,55.347307161386496,,,1235.1666666666667,437,0
Segâh Şarkı,K. Curcuna,42,49.44994111155944,59.84303028748961,52.582408084071545,,,1237.2619047619048,20,0
Uşşak Sazsemâîsi,Aksaksemâî,210,51.21224283622897,119.86837314255675,50.920561759497815,,,1240.8380952380953,56,0
Beyâtî Türkü,Nîmsofyan,42,51.84380996067336,67.69873770073768,56.67461853945941,,,1240.9285714285713,341,0
Sabâ Şarkı,Düyek,252,50.30051395500915,82.51042703921654,51.34373508667707,,,1240.9642857142858,77,0
Nihâvent Fantezi,Sofyan,210,51.66166197682404,108.83969468911204,47.753722721529144,,,1241.8857142857144,93,0
Hicaz-Uzzâl Şarkı,Aksak,546,49.0608913874039,112.56838012288219,49.88753306751109,0.0,0.0,1242.8882783882784,4,1
Tâhir Tesbih,Sofyan,42,51.66921431586732,73.74836425332593,52.75814418788178,,,1244.047619047619,709,0
Sabâ Şarkı,Curcuna,42,52.23541496949442,76.80052794053326,51.045842219002665,,,1244.8333333333333,590,0
Lâlegül Sazsemâîsi,Tek Vuruş,42,51.208810144169775,72.36385231340796,53.86531640105809,,,1245.2380952380952,630,0
Bûselik Yürüksemâî,Yürüksemâî(6/4),42,49.886515239054376,63.562107089588814,52.94404592484319,,,1248.5714285714287,472,0
Muhayyerkürdî Şarkı,Türkaksağı,42,55.463384936864635,99.2945789937789,54.49139176293099,,,1249.7142857142858,493,0
Kürdîlihicazkâr Şarkı,Semâî,294,50.014453276014564,101.41854173878485,51.0692366373065,,,1251.2176870748299,12,0
Rast Şarkı,Düyek,840,50.32679348829243,94.49173045117112,50.19059743038543,,,1252.0964285714285,16,0
Hüseynî Yürüksemâî,Senginsemâî,42,55.423556515842066,101.47296192303692,52.22914770226198,,,1253.0714285714287,393,0
Hicaz-Zirgüle Şarkı,Ağıraksak,42,51.376346604159785,69.27176615054985,52.38312691513769,,,1253.8095238095239,622,0
Mürekkep-Isfahan Şarkı,Devr-i Hindî,42,49.98380868060785,65.09512331670867,53.151162152960225,,,1254.2857142857142,482,0
Uşşak Türkü,Nîmsofyan,336,48.28519122767775,117.45767073662374,46.51051180031136,0.0,0.0,1256.8809523809523,2,12
Hüzzam Şarkı,Devr-i Hindî,84,52.25294507494619,100.40314940888037,51.066215865852335,,,1256.8809523809523,122,0
Mâhur Sazsemâîsi,Aksaksemâî,168,53.01259183893447,99.35038028528167,52.150783221007025,,,1257.0595238095239,96,0
Ferahnümâ Şarkı,Curcuna,42,48.73572209703081,59.37070371652465,51.90874470955429,,,1257.8095238095239,219,0
Kürdîlihicazkâr Şarkı,Senginsemâî,294,54.09938776934755,134.5067459859568,52.233357622016726,,,1258.091836734694,148,0
Şehnâz Şarkı,Aydın,42,52.18468436888049,75.17378659862979,52.792564315151644,,,1258.6904761904761,745,0
Mâhur Şarkı,Düyek,672,50.87283798579821,153.23308517564104,49.44031964192348,,,1260.7723214285713,11,0
Gerdâniye Türkü,Sofyan,336,47.42282248357397,111.60347477751995,45.98040736609522,0.0,0.0,1261.782738095238,1,20
Hicaz-Zirgüle Şarkı,Düyek,252,50.35461148293153,96.81848304706867,50.04423531959199,,,1264.4722222222222,98,0
Rast Zeybek,Ağıraksak,42,54.87168364161064,92.74198081692593,54.82037913139102,,,1267.1904761904761,171,0
Bûselik Ağırsemâî,Aksaksemâî,42,48.68522027336142,63.1814193708304,50.90960015556147,,,1269.0714285714287,107,0
Beyâtî Kanto,Sofyan,42,49.501805133191525,63.41216328833148,52.44619344333748,,,1269.9285714285713,312,0
Muhayyer Şarkı,Ağıraksak,42,53.32178979818306,82.64356891219457,52.1045093614711,,,1269.952380952381,398,0
Rast Zeybek,Aksak,42,54.929573332524676,92.11738271984811,53.17409964485806,,,1270.857142857143,346,0
Nikrîz Peşrev,Çenber,42,51.73755521257663,79.27358673339279,52.229544797306936,,,1275.5238095238096,367,0
Uşşak Şarkı,Ağıraksak,126,54.617954424783484,100.12674276645966,52.56221891725174,,,1276.3412698412699,279,0
Hüzzam Şarkı,Sofyan,252,49.311665089931616,113.86044762405393,48.0219762725916,0.0,0.0,1278.626984126984,1,5
Kürdîlihicazkâr Şarkı,Müsemmen,210,50.97808690986821,113.84576258631029,50.74496846744812,,,1279.4666666666667,123,0
Şehnâz Şarkı,Curcuna,42,49.5248083751423,61.38450054346811,53.22809246224561,,,1282.7142857142858,537,0
Mâhur Şarkı,Aksak,714,49.54156442133897,89.7770783206761,50.465307426353945,0.0,0.0,1283.4761904761904,4,1
Nişâburek Şarkı,Aksak,84,48.16367753223171,66.15313267034479,48.479155893460224,,,1285.857142857143,24,0
Hüseynî Türkü,Devr-i Hindî,42,47.77791331412619,57.41454016037647,49.78040074190882,,,1286.0238095238096,115,0
Hicazeyn Peşrev,Düyek,42,49.729018067646415,63.271408586939856,52.92311634493056,,,1288.6904761904761,489,0
Eviç Türkü,Aksak,210,48.121234014359345,96.90900077353396,45.4163148012815,,,1289.0904761904762,26,0
Sazkâr Ağırsemâî,Aksaksemâî,42,47.89356558823007,56.50639625740584,50.58348041876248,,,1291.7857142857142,21,0
Hicaz Beste,Darbeyn,42,55.746348879379596,130.59036529895036,50.25519642493366,,,1291.7857142857142,174,0
Nikrîz Şarkı,Sofyan,42,51.85762725713294,73.61895186851906,54.16772083826578,,,1292.4761904761904,330,0
Uşşak Şarkı,Müsemmen,126,49.1732799879993,71.92997522696731,48.633288602268124,,,1292.8492063492063,288,0
Hicazkâr Peşrev,Ağırdüyek,42,56.770271723244235,132.07291092392455,52.14286696211957,,,1296.4285714285713,164,0
Isfahân Şarkı,Devr-i Hindî,84,50.114942293941105,73.9806915650601,50.747312930839165,,,1296.5238095238096,233,0
Rast Şarkı,Türkaksağı,126,49.536877074071825,83.84537368246349,47.22822138458312,,,1297.3253968253969,93,0
Beyâtî-Arabân Sazsemâîsi,Aksaksemâî,42,51.39335889190685,71.66005316443785,50.26105455622931,,,1297.8095238095239,699,0
Sabâ Türkü,Aksak,42,50.81621220270776,66.9713557359043,54.100858936169814,,,1299.1666666666667,108,0
Bûselik Şarkı,Yürüksemâî II,42,47.736812221715425,57.485465252937,50.33811093873973,,,1299.357142857143,51,0
Hicazkâr Koşma,Sofyan,42,54.91167985500455,108.03944453704062,52.47051239862492,,,1303.952380952381,345,0
Bûselik Şarkı,Senginsemâî,42,56.34652156951086,133.92240655979654,51.58055224346228,,,1304.0238095238096,154,0
Hicazkâr Köçekçe,Çiftesofyan,42,56.98602223745816,117.1406450105632,51.01891775039775,,,1304.4285714285713,194,0
Muhayyer Şarkı,Düyek,42,47.63152802037625,57.24196229769514,51.19312637380635,0.0,0.0,1304.8333333333333,9,1
Segâh Şarkı,Mürekkep Nîmsofyan,42,51.827070967252574,75.83562971795205,53.98719395190405,,,1306.595238095238,508,0
Acemaşîrân Şarkı,Senginsemâî,84,50.10215673232033,73.71132294262023,52.002853742237875,,,1306.7738095238096,100,0
Karcığar Şarkı,Aksak,336,49.73724213243035,104.62949215995484,50.57654354227291,,,1308.4017857142858,21,0
Rengidil Şarkı,Ağıraksak,42,53.9891309752586,104.10928126865274,48.439005844954096,,,1309.6904761904761,370,0
Sûzidilârâ Yürüksemâî,Yürüksemâî(6/4),42,53.91695174749966,94.7477616660469,51.010824490400566,,,1310.7857142857142,360,0
Eviç Rumelitürküsü,Aksak,42,49.60311985951427,63.40394573580456,52.04201977853842,,,1311.952380952381,591,0
Hicaz Şarkı,Semâî,336,50.380997341387996,139.0304577241577,50.060879478270465,,,1312.047619047619,112,0
Ferahnâk Türkü,Düyek,42,46.37025801697835,54.937632216623626,48.452452231068655,,,1314.1904761904761,12,0
Segâh Yürüksemâî,Yürüksemâî(6/4),84,47.90398017953879,62.037816269286594,49.64560246619165,,,1315.952380952381,52,0
Hicazkâr Sirto,Nîmsofyan,42,55.91522988301065,128.7007420513325,50.85263215251863,,,1319.6190476190477,191,0
Hicaz Şarkı,K. Curcuna,168,47.78884338279726,69.79686825561657,49.9562939030418,,,1320.392857142857,57,0
Zâvil Ağırsemâî,Aksaksemâî,42,54.400583749218896,106.28520612616157,48.0460274113106,,,1321.3333333333333,309,0
Hicaz-Hümâyûn Fantezi,Nîmsofyan,42,51.833400185721366,73.12319490920584,53.114942455051604,,,1324.8095238095239,220,0
Rast Şarkı,Müsemmen,84,50.810365705287886,68.16316938115845,54.70359864268276,,,1325.202380952381,228,0
Sûzidilârâ Şarkı,Sofyan,42,51.19400544370409,82.82800549308868,50.807814545573635,,,1325.2380952380952,186,0
Kürdîlihicazkâr Şarkı,Sofyan,210,52.02951282619535,120.1822249573702,47.95405948661838,,,1327.3761904761905,35,0
Ferahnâk Şarkı,Aksak,126,48.47332442171661,78.04979251338716,47.17713573029157,,,1328.2301587301588,29,0
Müstear Şarkı,Semâî,42,52.36895336091133,80.10307946317016,53.29740566944875,,,1329.0238095238096,268,0
Segâh Şarkı,Türkaksağı,42,49.96121627049413,66.10765656228935,52.68319151876206,,,1330.142857142857,601,0
Sûzinâk-Zirgüle Şarkı,Düyek,168,47.93580465939093,82.18493660012561,48.02460635950379,,,1332.3035714285713,158,0
Acemaşîrân Şarkı,Sofyan,84,51.74858210867282,93.42243718775507,51.04978111693749,,,1332.7857142857142,358,0
Eviç Şarkı,Türkaksağı,84,50.54409499232531,75.2128935158474,52.963311623096544,,,1334.3690476190477,295,0
Beyâtî Şarkı,Yürüksemâî(6/4),42,52.366911954896054,80.96308618707545,51.140088009082916,,,1336.2619047619048,576,0
Sultânîyegâh Peşrev,Muhammes,42,55.2221455844896,129.55462888173764,49.56759341171235,,,1337.2857142857142,179,0
Beyâtî Şarkı,Çiftesofyan,42,53.49311573033634,91.55122348010536,52.09891299237999,,,1340.1666666666667,577,0
Bûselik İlâhî,Sofyan (4/8),42,49.91556989405298,65.82176095091968,52.06417518907415,,,1342.2619047619048,791,0
Acemkürdî Fantezi,Sofyan,42,49.69965625119342,65.50979880992561,52.47937776809071,,,1343.5238095238096,466,0
Nikrîz Zeybek,Aksak,84,52.248085854339884,94.24823034504173,53.76948365535419,,,1346.5833333333333,511,0
Karcığar Sazeseri,Sofyan,42,48.23283764203922,60.4241509288818,50.169601964747876,,,1350.1904761904761,139,0
Nihâvent Şarkı,Düyek,1428,48.69136249388728,133.0824575874002,45.889348308268225,0.0,0.0,1350.4915966386554,1,28
Segâh Şarkı,Senginsemâî,126,48.02821525786081,145.80084989023817,47.44708699622345,,,1351.3412698412699,40,0
Karcığar Köçekçe,Oynak,84,53.54078200877753,127.57612258591146,49.23378000293452,,,1353.297619047619,154,0
Ruhnevaz Şarkı,Ağırdüyek,42,57.05049704123063,135.54598894829306,51.513264042918976,,,1356.7142857142858,128,0
Uşşak Türkü,Devr-i Hindî (7/8),42,46.43663407756893,55.401166426628876,47.97238675846501,,,1356.904761904762,119,0
Acemaşîrân Peşrev,Düyek,42,50.33296673057491,72.66744661119436,50.83110176602227,,,1361.857142857143,412,0
Nihâvent Şarkı,Aksak,924,48.58152140574857,138.25420279697386,48.575783541532175,,,1362.051948051948,29,0
Nikrîz Longa,Nîmsofyan,126,45.89530849884128,67.03687891129707,49.00428399667787,,,1362.9444444444443,90,0
Rengidil Sazsemâîsi,Aksaksemâî,126,53.07425241494496,136.06281794314035,50.41777960120966,,,1363.452380952381,119,0
Rengidil Şarkı,Tek Vuruş,42,54.6727792677957,113.4460200036184,49.70339956095171,,,1364.7619047619048,322,0
Hicaz Şarkı,Yürüksemâî II,84,45.259267764199,81.70749872146072,35.734428532151504,,,1365.297619047619,145,0
Hisarbûselik Şarkı,Ağıraksak,42,53.25328188921655,89.92162091704374,50.52247486726691,,,1368.9761904761904,546,0
Sultânîyegâh Şarkı,Curcuna,126,49.00718500930896,71.11665121023162,51.57300173938309,,,1369.095238095238,405,0
Acemaşîrân Sazsemâîsi,Aksaksemâî,126,49.7767737709081,73.30387707219501,50.52241503590589,,,1369.873015873016,37,0
Hicaz-Hümâyûn Şarkı,Düyek,84,48.37370186466941,70.09739192248128,50.50058086279665,,,1370.1190476190477,176,0
Sûzinâk Şarkı,Senginsemâî,84,48.459026201862414,79.16371356163268,50.371206584868574,,,1371.8809523809523,47,0
Rengidil Şarkı,Türkaksağı,42,50.28955979042194,67.3648836921077,51.31666317650388,,,1372.642857142857,714,0
Hüseynî İlâhî,Yürüksemâî(6/4),42,47.270816599037495,58.94295293408711,50.01447847709237,,,1374.857142857143,122,0
Sûzinâk Peşrev,Çenber,42,56.14061604458668,138.37358060780136,48.1454365053926,,,1378.2142857142858,117,0
Hicaz Türkü,Müsemmen II,42,50.86068354073848,75.63949966736605,51.530580235991906,,,1380.8095238095239,503,0
Hüseynî Şarkı,Sofyan,126,51.298390761377554,150.5600471813023,49.04097379813747,,,1384.4285714285713,16,0
Beyâtî Türkü,3+3+3+4,42,47.432881287728215,59.31637256703598,50.690570007678296,,,1384.8333333333333,226,0
Rast Murabbâ,Şarkı Devr-i Revânı,42,49.553380309092,65.25891950260186,52.59795106079571,,,1384.952380952381,784,0
Mâhur Şarkı,K. Curcuna,42,48.20156463079262,59.74097650479425,51.08173533739896,,,1387.952380952381,582,0
Nikrîz Sirto,Nîmsofyan,84,53.171101912208904,137.08621342986143,50.458411861994634,,,1388.2142857142858,130,0
Rast Sazsemâîsi,Aksaksemâî,84,51.99222339849859,98.83344516099616,50.4108227809331,,,1388.4166666666667,500,0
Hüzzam Şarkı,Iraksak,42,49.21810108284582,65.56355942465014,52.50547385725655,,,1388.6190476190477,485,0
Nev`eser Peşrev,Muhammes,42,55.24786674402681,122.7094240091856,50.36792939329568,,,1389.7380952380952,242,0
Nihâvent Şarkı,Türkaksağı,210,47.58467600809224,74.59135963918834,47.89258952979668,,,1392.5285714285715,25,0
Hicaz Şarkı,Aksak,672,48.72706272114958,130.38986613445257,49.06380337990201,,,1393.8943452380952,16,0
Segâh Türkü,Oynak,42,45.010152964776175,54.01090782693915,46.84276425161646,,,1394,60,0
Ruhnevaz Ağırsemâî,Aksaksemâî,42,54.461671517958884,126.15173233158548,50.398399226180985,,,1394,214,0
Nişâburek Ağırsemâî,Ağır Aksaksemâî,42,49.78510282887689,68.56079436103663,51.819745916153394,,,1395.2142857142858,95,0
Karcığar Şarkı,Nîmsofyan,42,54.549581882575424,115.2368930144037,49.34375146907353,,,1395.7142857142858,310,0
Hüzzam Şarkı,Curcuna,420,49.417819319193676,99.26714489018806,49.1512194913479,,,1397.3714285714286,195,0
Nevâ Şarkı,Düyek,42,49.655154132573074,65.71399256096734,53.24542432543694,,,1397.642857142857,693,0
Hicaz-Hümâyûn Şarkı,Türkaksağı,84,47.94586731323876,68.08024453931984,49.140270708417475,,,1398.5714285714287,312,0
Hüzzam Türkü,Sofyan,168,46.61731295475137,129.2614616231679,48.27873472341524,,,1401.5,46,0
Hicaz-Uzzâl Yürüksemâî,Yürüksemâî(6/4),84,50.90689197244251,81.826808865868,50.49292672225279,,,1405.702380952381,271,0
Yegâh Şarkı,Düyek,168,48.77241494687112,100.10711736776194,48.46516710756677,,,1408.2619047619048,47,0
Peyk-i-Neşat Peşrev,Yürüksemâî II,42,48.772242240628785,61.44795740007084,51.993600893481585,,,1408.2619047619048,660,0
Hicazkâr Şarkı,Sofyan,126,49.636547376364256,137.75936966236617,43.793364915744576,,,1408.515873015873,123,0
Kürdîlihicazkâr Şarkı,K. Curcuna,126,48.16335400251336,73.51446850519882,50.20563931946094,,,1411.8253968253969,95,0
Segâh Şarkı,Mürekkep Sofyan,42,44.92582139063409,53.68802005205322,46.81498255630909,,,1414.1666666666667,61,0
Eviç Şarkı,Aydın,42,47.059446052497,55.89794123135781,49.70545199031864,,,1414.2619047619048,77,0
Segâh Fantezi,Aksak,42,48.591473281464495,63.97030370113939,50.467776538413816,,,1418.595238095238,179,0
Hüseynî İlâhî,Düyek,42,46.70043848518657,58.58009068724858,49.37820436113634,,,1420.404761904762,339,0
Nihâvent Şarkı,Yürüksemâî II,252,47.51004214900043,71.8679828141537,46.798324508207536,0.0,0.0,1421.5277777777778,8,1
Mâhur Kâr,Hafîf,42,53.41699222863877,123.62392356970993,48.470361395666146,,,1421.5714285714287,231,0
Sabâ Şarkı,Devr-i Hindî,42,51.26990583276395,85.90599282308565,49.658573050530364,,,1421.7142857142858,358,0
Uşşak Türkü,S. Türkaksağı,42,45.118306018824576,53.636431885556775,47.720476428580525,,,1423.2142857142858,96,0
Nikrîz Şarkı,Devr-i Hindî (7/8),42,52.68209459351741,93.26956592347561,50.214641802462424,,,1423.547619047619,621,0
Ferahnümâ Türkü,Sofyan,42,53.74195568368416,117.37342533117376,49.033710342135606,,,1425.5238095238096,290,0
Sûzinâk-Zirgüle Şarkı,Evfer,42,48.65362115745457,62.399026030915635,52.0688327756195,,,1426.2857142857142,906,0
Hicaz Şarkı,Ağır Aksaksemâî,42,51.73101714399131,92.30064902781153,48.85412152604154,,,1427.0238095238096,540,0
Hüzzam Şarkı,Semâî,294,46.4356454137512,86.92728495255511,47.58351638880693,,,1428.608843537415,41,0
Yegâh Şarkı,Nîmsofyan,42,47.99749312024138,61.907247144833114,50.32326421386573,0.0,0.0,1429.2142857142858,2,1
Nihâvent Fantezi,Nîmsofyan,210,46.18424172873827,105.60986747353532,44.39887894548646,,,1429.404761904762,51,0
Segâh Şarkı,Müsemmen,42,45.949810323731704,54.93668987268732,48.98629292009801,,,1431.8095238095239,261,0
Hüseynî Şarkı,Türkaksağı,42,46.861942814514656,56.71006221036986,50.25534351036286,,,1433.1904761904761,286,0
Isfahân Türkü,İki-Bir,42,45.52905816551208,55.354266474636425,47.44110670923236,,,1433.357142857143,17,0
Nihâvent Tango,Nîmsofyan,42,47.0999380962488,58.581493875120486,50.320165091819725,,,1434.047619047619,517,0
Hicaz Peşrev,Fahte,42,54.40819862967185,112.08388641728388,48.7062461804086,,,1434.2142857142858,279,0
Hicaz-Zirgüle Sazsemâîsi,Aksaksemâî,84,47.66234390170882,65.6289672109895,50.074253568157104,,,1434.2619047619048,289,0
Uşşak Şarkı,Semâî,42,50.60051602513806,78.3143340270921,50.42016537673095,,,1437.6190476190477,644,0
Hicazkâr Şarkı,Devr-i Hindî (7/8),168,47.76384397297056,118.33915763141891,47.482167049159955,,,1438.0535714285713,73,0
Hicaz Türkü,Raksaksağı,84,44.568672301057795,74.46431344225483,39.261424940845274,,,1440.452380952381,74,0
Hicazkâr Aranağme,Berefşan,42,51.01678201841023,77.08517920204899,51.70482055577631,,,1443.1904761904761,647,0
Hicaz-Hümâyûn Türkü,Sofyan,168,48.09581858917646,100.00798891125443,44.76557360468276,,,1443.5119047619048,17,0
Segâh Şarkı,Düyek,336,46.15955507429294,119.5800671820712,42.80751859401997,0.0,0.0,1444.202380952381,8,2
Hicaz-Hümâyûn Şarkı,Aksak,42,51.890179638573755,90.01541654736002,50.90084162781183,,,1445.1666666666667,603,0
Rast Şarkı,Senginsemâî,252,47.258859182256295,84.95026874252991,46.003467369827575,,,1450.1468253968253,29,0
Rengidil Şarkı,Raksaksağı,42,53.04370038177424,117.55986697494068,49.67439559641178,,,1452.047619047619,287,0
Hicazkâr Zeybek,Oynak (9/4),42,47.51292101317417,63.365070308971916,48.79194534547618,,,1452.2380952380952,377,0
Hicaz-Uzzâl Şarkı,Devr-i Süreyyâ,42,50.38517886965257,73.52504797193048,51.66581371363279,,,1452.3333333333333,995,0
Sipihr (Eski) Peşrev,Muhammes,42,45.319709030322855,53.8243636151247,47.72328779027109,,,1452.404761904762,128,0
Şehnâz Longa,Sofyan,42,51.017320280192514,81.2291619478241,50.55253656479658,,,1452.5238095238096,584,0
Sultânîyegâh Şarkı,Nîmsofyan,42,54.835583487711084,118.4386728549389,47.844923166560434,,,1453.3809523809523,249,0
Acemaşîrân Şarkı,Yürüksemâî II,84,49.689816799018054,77.44861198365174,50.803958271899276,,,1453.702380952381,505,0
Nev`eser Ağırsemâî,Aksaksemâî,42,51.67705276685103,91.19461289821682,48.572432985314194,,,1455.1904761904761,670,0
Segâh Peşrev,Devr-i Kebîr,126,48.20678555017907,142.93933954724776,42.90702313336833,,,1455.3095238095239,40,0
Rast Şarkı,Düyek (8/4),42,50.650827636634716,78.49630398889978,48.17323280240116,,,1455.5238095238096,863,0
Muhayyersünbüle Şarkı,Aksak,42,44.05780596431835,52.3463252860152,45.72321763087749,,,1455.6666666666667,11,0
Hicaz-Uzzâl Şarkı,K. Curcuna,42,49.04305280226143,68.40247773062484,50.844214805982496,,,1455.6666666666667,482,0
Şehnâz Şarkı,Sofyan,84,45.69516101317962,108.5080879179114,34.62274118805137,,,1457.404761904762,86,0
Sûzinâk Şarkı,Curcuna,294,47.82677308479532,98.59575012144336,47.630340483180916,,,1457.8231292517007,72,0
Hüseynî Türkü,Aksak,336,46.15802886793632,105.83242446646805,48.36474657857205,,,1459.2559523809523,87,0
Sabâ Türkü,Âzerî Yürüksemâî,42,43.9353570477171,52.05500781369077,45.48591648111817,,,1460.142857142857,151,0
Uşşak Peşrev,Hafîf,42,53.09804270724558,119.40459960710746,50.47612515011255,,,1460.6904761904761,267,0
Karcığar Türkü,Nîmsofyan,42,46.46868386200982,60.3532222749307,48.81827506186129,,,1462.452380952381,159,0
Muhayyerkürdî Şarkı,Sofyan,126,44.25716937310863,91.42079538671709,39.81980503523637,,,1466.7777777777778,13,0
Rehâvî Nakış,Yürüksemâî,42,47.139781390316614,59.95634447478739,50.54561144089581,,,1471.3809523809523,836,0
Güldeste Sazsemâîsi,Aksaksemâî,42,50.37837641021732,74.67715638635666,51.31850405927287,,,1474.1190476190477,868,0
Kürdî Türkü,Nîmsofyan,42,49.3652369650901,69.34231017432285,49.99468070709266,,,1475.7857142857142,797,0
Muhayyer Şarkı,Aksak,546,46.33690353994335,87.21496909425291,47.76700172228839,,,1475.9175824175825,76,0
Uşşak Şarkı,Curcuna,420,47.485737489021545,140.15741987227452,47.37576872614754,,,1477.3357142857142,32,0
Şehnâz Şarkı,Aksak,210,46.56350598004951,78.44194434828685,48.15258813373159,,,1477.5,11,0
Acemkürdî Şarkı,Curcuna,42,47.241833680619735,57.88296843325875,50.75528439127996,,,1478.642857142857,557,0
Acemkürdî Şarkı,Senginsemâî,84,44.46908244096754,70.5602003210949,37.98100461128845,,,1487,142,0
Şehnâzbûselik Şarkı,Aksak,42,47.58692486001865,62.79479908771412,50.46267377805123,,,1487.5714285714287,610,0
Selmek Sazsemâîsi,Aksaksemâî,42,46.645485940885074,58.214873648986426,49.561483490105694,,,1488.2619047619048,399,0
Sûzidil Şarkı,Semâî,42,44.8852041555254,52.21281516525556,47.72874134760164,,,1488.6666666666667,266,0
Rast Gazel,,42,46.127072466428416,57.15443542700352,48.344500785642694,,,1489.357142857143,674,0
Şevk`efzâ Şarkı,Curcuna,42,48.18499266658804,62.10106727751625,50.84098889843333,,,1489.5238095238096,413,0
Kürdîlihicazkâr Şarkı,Yürüksemâî,168,46.36525775682726,88.06756385217089,43.12436803124902,,,1491.7142857142858,234,0
Uşşak Tevşihilâhi,Evsât,42,43.9591830048001,51.758784882039556,45.13741625390146,,,1492.7380952380952,32,0
Hicaz-Uzzâl Şarkı,Curcuna,210,45.83693021227985,67.60665011332337,45.02926038465864,,,1492.9714285714285,22,0
Zâvil Türkü,Aksak,42,46.26926139066665,55.300105559615474,48.938391505086315,,,1493.952380952381,437,0
Sûzidil Şarkı,Düyek,84,49.31238978768205,108.59818967396188,47.97629752141458,,,1494.9285714285713,333,0
Hicaz Şarkı,Yürüksemâî,42,47.31721966921393,61.72934357874157,50.09138706189548,,,1495.1190476190477,671,0
Şehnâz Peşrev,Zencîr,42,53.36960560414985,120.37770398576585,47.28846515464265,,,1495.2619047619048,261,0
Pençgâh Tevşihilâhi,Sofyan,42,46.17880320725938,57.09524867765562,49.25668579845657,,,1496.7857142857142,292,0
Sûzinâk-Zirgüle Türkü,Oynak,42,46.99915415278821,58.72542106320318,51.065098301501564,,,1502.2619047619048,89,0
Rast Türkü,Sofyan,126,44.259699407558685,67.54581586471268,43.21145756318258,0.0,0.0,1502.2698412698412,5,1
Hicaz Şarkı,K. Curcuna (10/16),84,47.783670853098144,74.75179885836056,48.800802879882795,,,1509.345238095238,541,0
Sabâ İlâhî,Düyek,84,40.22535630525197,83.04914505258746,23.46694068005465,0.0,0.0,1512.2142857142858,9,1
Nişâburek Şarkı,Düyek,126,44.60557661976729,72.23557316307031,43.665434069401485,,,1512.642857142857,57,0
Rast Şarkı,Sofyan,378,45.28534756424286,86.1237761281416,44.16626992776072,,,1514.0767195767196,103,0
Beyâtî-Arabân Şarkı,Aksak,168,45.088248802711334,79.28513133696019,43.507445799197356,,,1516.5595238095239,130,0
Acemaşîrân Peşrev,Frenkçîn (12/4),42,49.333659641501555,74.06870777081161,49.77893594198062,,,1517.142857142857,1003,0
Sultânîyegâh Şarkı,Aksak,168,50.301795265595906,118.05275559031479,48.7782517988583,,,1518.3630952380952,204,0
Sabâ Şarkı,K. Curcuna (10/16),84,47.60612070414045,87.45748269520332,45.35581140585175,,,1519.8095238095239,579,0
Dilkeşhâveran Şarkı,Iraksak,42,46.139646362738226,61.62499341142741,47.89426658860094,,,1522.7857142857142,351,0
Hicaz Kalenderî,Aksak,42,48.89986409394521,73.85629575496485,49.5590959338891,,,1525.1666666666667,774,0
Nev`eser Şarkı,Müsemmen (8/4),42,53.219147843360915,124.52755091720054,47.45314812677975,,,1526.952380952381,221,0
Nihâvent Şarkı,Yürüksemâî(6/4),42,49.36206673394636,76.81232326599445,49.30456513284691,,,1531.2619047619048,812,0
Nihâvent Longa,Nîmsofyan,42,44.62047712729145,54.72297153879132,47.30987409772166,,,1532.5,421,0
Nişâburek Şarkı,Aydın,42,44.654748863288894,53.8046655640601,46.783380201232774,,,1532.547619047619,232,0
Hicaz-Hümâyûn Şarkı,Curcuna,84,48.734269685654,117.8624519746486,43.48853125405103,,,1538,285,0
Evcârâ Şarkı,Devr-i Hindî (7/8),42,44.25691472803216,52.67312702910219,46.43944816965889,,,1540.8095238095239,507,0
Rast Şarkı,Aksak,504,45.19436824764589,103.35583134963876,45.72726728805804,,,1541.7301587301588,66,0
Karcığar Türkü,Düyek,42,43.173086191824055,51.90039645399459,44.6183510619354,,,1545.0238095238096,109,0
Acemkürdî Şarkı,Yürüksemâî(6/4),84,45.86372915713142,69.90925719365265,44.24270199850987,,,1548.0238095238096,405,0
Ruhnevaz Şarkı,Raksaksağı,42,51.1784544114537,111.65206781457407,44.48957402920048,,,1548.2142857142858,338,0
Hicaz-Uzzâl Türkü,Aksak,84,48.14269320865883,70.62339149796345,48.969849267706806,,,1548.4880952380952,417,0
Nihâvent Peşrev,Hafîf (32/8),42,48.00696903075835,63.766557973027375,49.71627185091158,,,1548.8095238095239,1152,0
Sûzidil Şarkı,Türkaksağı,84,46.38876058555496,68.2414900573098,45.68919744776504,,,1551.4166666666667,633,0
Muhayyerkürdî Türkü,Oynak,42,44.784893809170335,55.41127080386274,46.30311422234183,,,1552.142857142857,192,0
Reyyâ Şarkı,Sofyan,42,47.37953967907999,62.25314221487143,50.273052524812144,,,1553.547619047619,360,0
Nihâvent Şarkı,Semâî,714,43.819512059488815,101.84328599533033,43.13295276314041,,,1553.5588235294117,15,0
Hicaz-Uzzâl Şarkı,Türkaksağı (5/4),42,45.85483880705487,57.29525067203433,47.754894062877,,,1554.5714285714287,217,0
Hicazkâr Şarkı,K. Curcuna,126,44.46961674847572,64.97751409242227,45.84750232558797,,,1555.1904761904761,511,0
Bûselik Türkü,Yürüksemâî II (6/4),42,43.547515733375405,51.7309661482706,45.4166221492849,,,1556.047619047619,300,0
Karcığar Şarkı,Semâî,42,47.92164883156198,63.992446290669186,51.92590135233117,,,1556.904761904762,1048,0
Şehnâz Fantezi,Yürüksemâî,42,48.260144298725855,67.990412024394,49.764520857639766,,,1558.0714285714287,1068,0
Segâh-Mâye Türkü,Müsemmen II,42,43.821427893068424,52.318084883606566,45.939735217736256,,,1562.1190476190477,540,0
Karcığar Şarkı,K. Curcuna,42,49.07523052541766,74.35960784816504,49.13118203976501,,,1562.7142857142858,1013,0
Ferahfezâ Şarkı,Aydın,42,44.215605684332004,53.981035595386075,46.718822518814775,,,1563.095238095238,432,0
Hicaz-Hümâyûn Türkü,Nîmsofyan,42,42.616766395777084,50.411911854159555,43.8547853692378,,,1567.2857142857142,263,0
Hüseynî Şarkı,Curcuna,210,43.70428230416943,69.35038099755964,42.63489300870543,,,1567.8238095238096,71,0
Sûzidil Şarkı,Sofyan,84,46.3851783100055,74.33670881928498,45.38409454494685,,,1570.8333333333333,347,0
Nihâvent Şarkı,Curcuna,546,46.52070911548835,94.22781645447895,48.41580516629551,,,1571.7802197802198,15,0
Rast Şarkı,Yürüksemâî,84,45.68260421154437,61.18708340634177,47.42056532088834,,,1574.904761904762,106,0
Hicaz-Uzzâl Şarkı,Türkaksağı,126,46.510179624328195,67.39410632602666,47.316587675024486,,,1576.420634920635,671,0
Rast Fantezi,Düyek,42,45.70647646670437,54.32118543020879,49.49502366900145,,,1576.5714285714287,244,0
Acemkürdî Şarkı,Düyek,252,45.77939734838981,91.57116726711705,43.58428351232878,,,1581.6507936507937,155,0
Muhayyerkürdî Sazsemâîsi,Aksaksemâî,42,49.398229059549315,87.36219412997356,46.404369185139544,,,1582.9761904761904,773,0
Acem İlâhî,Düyek,84,42.478915194336906,50.60565648536334,44.07855074198007,,,1585.3809523809523,231,0
Muhayyerkürdî Şarkı,Curcuna,126,44.77128051820557,72.01829201408022,45.3364623710598,,,1586.126984126984,37,0
Uşşak Şarkı,Yürüksemâî(6/4),84,42.18389374018113,77.72587977030447,31.895403740599704,,,1586.2380952380952,233,0
Kürdî Beste,Muhammes,42,43.861684630659674,53.8393634797919,46.379188729481015,,,1588.9285714285713,626,0
Kürdîlihicazkâr Şarkı,Curcuna,420,46.635641792761895,122.0091855384752,42.663529793880926,,,1589.8833333333334,43,0
Sûzidil Şarkı,Evfer,42,45.875155776917964,57.619520978727024,49.98470916972582,,,1591.6904761904761,321,0
Hicaz Fantezi,Düyek,84,41.26544307971955,83.67480729315795,29.649534597484518,,,1595.6309523809523,139,0
Muhayyer Şarkı,Yürüksemâî II,42,44.442389556022086,53.09784849274822,46.84038381818098,,,1595.9761904761904,75,0
Hicaz İlâhî,Düyek,42,44.01938393641916,55.84054514917233,45.68595800693184,,,1600.6904761904761,292,0
Nişâburek Şarkı,Semâî,42,46.054186709663796,57.88638166995018,48.89653590665162,,,1600.8333333333333,719,0
Uşşak Şarkı,K. Curcuna,42,47.724978467154386,63.05737898751082,50.83170114804978,,,1605.8333333333333,889,0
Acemaşîrân Fantezi,Yürüksemâî II,42,50.54028843396699,98.68684336861958,43.55462069053932,,,1611.6904761904761,482,0
Hüseynî Türkü,Sofyan,462,41.88147983368308,129.5012286797357,41.44197248327211,,,1611.7770562770563,31,0
Kürdî Türkü,Ağıraksak,42,46.515582185938044,61.49361442676563,51.35450686849774,,,1616.952380952381,381,0
Kürdîlihicazkâr Şarkı,Yürüksemâî II,84,42.72296022713663,71.40178753313866,35.25963000001424,,,1617.0595238095239,156,0
Çargâh(Yeni) Türkü,Sofyan,126,41.628157073784216,63.05556054150221,39.968992397143445,0.0,0.0,1617.6904761904761,6,2
Rast Çocuk Şarkısı,Sofyan,42,44.16251084613005,54.684314069059575,46.73575123259722,,,1620.2619047619048,533,0
Sabâ Şarkı,Sofyan,42,43.70664917718646,53.684363928527105,46.25144948594884,,,1620.547619047619,510,0
Gülizâr Köçekçe,Aksak,42,47.91010473676469,83.00495389423799,43.922644460684346,,,1623.2142857142858,841,0
Yegâh Şarkı,K. Curcuna,126,42.92704227488147,65.54060911174636,41.69012732683447,,,1627.2222222222222,238,0
Beyâtî-Arabân İlâhî,Düyek,42,42.363785868036,53.17700395884166,43.9925214360096,,,1629.1666666666667,233,0
Rast Taksim,[Serbest],42,50.1275418746603,114.67534221401672,44.01656224669607,,,1635.1904761904761,313,0
Gülizâr Taksim,[Serbest],42,49.68440734357368,109.63382708451755,44.927881485470195,,,1635.7380952380952,348,0
Rast-Mâye Küpe,Devr-i Revân-ı Hindî,42,41.46657139777385,47.14719868143073,42.77934550189249,,,1637.857142857143,57,0
Bestenigâr Şarkı,Düyek,42,42.81338084635323,52.93894209606348,42.52328757658766,,,1640.0714285714287,22,0
Muhayyerkürdî Şarkı,Düyek,420,42.73719213220312,91.00224011464822,41.44309182831815,,,1640.5738095238096,69,0
Rast Şarkı,Semâî,294,42.0149487986877,85.47240278472245,41.547863308132904,,,1644.3673469387754,45,0
Sûzinâk İlâhî,Çiftedüyek,42,41.99268546348238,50.192842174841424,44.04619408438781,,,1645.2619047619048,83,0
Acemkürdî Şarkı,Aksak,210,42.56376731488719,87.42828855240866,44.18763257276272,,,1647.395238095238,424,0
Yegâh Şarkı,Devr-i Hindî (7/8),84,44.098144588453465,65.6952069381585,42.408113987290065,,,1648.8095238095239,407,0
Bûselik Şarkı,Curcuna,84,41.38957885742855,87.30897342205462,31.20242552063968,,,1650.4404761904761,407,0
Nihâvent Karşılama,Sofyan,42,48.1803693711459,100.22555568376559,43.99656966863394,,,1651.642857142857,454,0
Bûselik Şarkı,Devr-i Hindî (7/8),42,48.32250828328556,79.46817683871022,46.326457712760984,,,1652.8333333333333,873,0
Hisarbûselik Türkü,Curcuna,42,44.051405602833825,57.40164009157041,46.46188314935185,,,1653.3095238095239,550,0
Hicazkâr Köçekçe,Aydın,42,47.684645431010615,73.32727042208167,48.05283287248935,,,1654.1190476190477,1011,0
Çargâh(Yeni) Türkü,Ağıraksak,42,42.13788868083581,50.211444029898544,42.88149401757614,,,1654.904761904762,66,0
Karcığar Şarkı,Curcuna,168,44.589196043559625,74.03554623895782,46.64969770917109,,,1657.0416666666667,355,0
Hicaz-Uzzâl Türkü,Nîmsofyan,42,48.98097476344391,81.54065683437958,46.56285569387991,,,1659.1190476190477,846,0
Muhayyer Türkü,K. Curcuna,84,42.95039291634669,61.344967683942166,42.88363690626272,,,1660.9761904761904,232,0
Hüzzam Türkü,Aksak,168,42.181914756014514,88.72263534352454,43.15400806013902,,,1670.9166666666667,127,0
Rast Türkü,Devr-i Hindî II,42,42.886021426817834,52.009471874274325,44.73557423148749,,,1671.452380952381,248,0
Rast Mersiye,Sofyan,42,41.92283250210475,51.038401049612986,43.414153037225034,,,1672.8809523809523,651,0
Hicaz Şarkı,Curcuna,294,44.559116291960365,85.37202641697041,44.43816571292622,,,1682.5238095238096,289,0
Segâh-Mâye İlâhî,Devr-i Revân,42,41.980723007050905,50.278616841388434,43.69827400768972,,,1683.5,399,0
Muhayyer Türkü,Sofyan,252,41.145772160797804,91.03434747490293,44.552684718642965,,,1683.7539682539682,46,0
Hicaz Şarkı,Nîmsofyan,294,39.52836692868128,75.66732053796933,36.71450148367528,,,1686.1054421768708,19,0
Şehnâzbûselik Ağırsemâî,Aksaksemâî,42,48.62605796193621,92.80399174897029,45.70801476694968,,,1687.5238095238096,632,0
Tâhir Zeybek,Aksak,42,46.835841281509005,73.43342977578898,46.53746191092813,,,1693.095238095238,1120,0
Rengidil Nakış,Yürüksemâî(6/4),42,45.55282685204344,60.351064072264805,47.63714914961112,,,1693.452380952381,1077,0
Sûzidil Longa,Nîmsofyan,42,48.63461177756595,89.53375557179545,45.32432159071641,,,1695.1666666666667,703,0
Nikrîz Zeybek,Ağıraksak,42,43.09024353331181,53.50563411983074,45.807939194242465,,,1697.0714285714287,149,0
Nihâvent Türkü,Ağır Aksaksemâî,42,41.104910102701645,49.5495930755171,42.398356133355506,,,1697.7619047619048,35,0
Nihâvent Şarkı,K. Curcuna,42,46.15364284801886,62.449678976256834,48.908938093060506,,,1697.7857142857142,1184,0
Nikrîz Şarkı,Aksak,84,43.32354100174653,62.146148071221994,43.087625521209475,,,1698.8809523809523,620,0
Rast Şarkı,Evfer,42,43.8358285622571,55.147480743561275,46.66118568662891,,,1702.6904761904761,227,0
Muhayyerkürdî Şarkı,Semâî,168,42.192535394964615,74.04917710510223,43.292395149101125,,,1706.8035714285713,61,0
Hicaz-Zirgüle Şarkı,Raksaksağı,42,41.77735175067441,54.415914144845964,43.93657377135584,,,1707.357142857143,409,0
Uşşak İlâhî,Sofyan,210,40.056858376658475,124.55583975452052,34.44240376766626,0.0,0.0,1707.9619047619049,2,3
Acemaşîrân Şarkı,Aksak,378,43.198678042735395,96.88355178902883,41.52635500225789,,,1717.0132275132275,149,0
Sultânîyegâh Şarkı,Türkaksağı,42,45.79886726412549,62.08097818577057,48.613001853347576,,,1717.952380952381,1188,0
Hicaz-Hümâyûn Şarkı,Sofyan,42,45.04871483661047,64.72841975403603,45.450196446302016,,,1722.4285714285713,351,0
Hicazkâr Şarkı,Türkaksağı,84,44.73174079311012,132.57369300528663,35.54904889504296,,,1725.4761904761904,161,0
Kürdîlihicazkâr Şarkı,Devr-i Hindî (7/8),42,46.97285645499995,74.13530791070303,45.11338114143987,,,1727.4285714285713,975,0
Hicaz Türkü,Semâî,42,40.5222024548088,50.170412537234284,41.72881221927334,,,1730.6904761904761,233,0
Gerdâniye Türkü,K. Curcuna,168,39.62831781686351,117.112096904012,34.42992358680463,0.0,0.0,1731.2738095238096,6,1
Sûzinâk-Zirgüle Şarkı,Curcuna,84,41.00007155851127,53.765420464889594,41.46850413050072,,,1736.0595238095239,628,0
Bestenigâr Şarkı,Aksak,84,41.939752566795875,60.16705841962574,41.652560354885416,,,1736.595238095238,702,0
Nişâburek Şarkı,Senginsemâî,42,44.834797030926325,57.98196725515074,48.22082437643606,,,1737.547619047619,1358,0
Segâh Türkü,K. Curcuna,84,40.60103141770542,51.91680876614907,42.17766245995213,,,1739.452380952381,87,0
Yegâh Şarkı,Aksak,126,43.235881913017955,79.16631907495008,42.13895156936232,,,1741.079365079365,212,0
Dilkeşhâveran Şarkı,Düyek,42,44.216368161087146,56.28274734213417,47.638111793473485,,,1742.904761904762,918,0
Sûzinâk-Zirgüle Türkü,Nîmsofyan,42,40.85258468427049,48.73089919412849,42.730754601672686,,,1745.095238095238,514,0
Hicaz-Uzzâl Şarkı,Yürüksemâî(6/4),42,44.856143819260936,59.04310422195716,47.828562494568814,,,1746.1666666666667,1084,0
Çargâh(Yeni) Türkü,Raksaksağı,42,38.91845687593598,46.00958512649343,40.359356413993105,,,1747.4761904761904,92,0
Ruhnevaz Oyunhavası,Devr-i Turan,42,45.380594851260334,61.91761577724489,44.68542451062926,,,1749.047619047619,1393,0
Sûzidil Taksim,[Serbest],42,47.81346921971558,111.42923018406698,42.29936336582742,,,1749.047619047619,339,0
Hicazkâr Şarkı,Curcuna,168,43.50069807918263,74.00803449705322,43.251914959692144,,,1749.470238095238,424,0
Hicazkâr Şarkı,Semâî,84,41.213634700574865,64.88615801462441,36.90097802906948,,,1749.892857142857,287,0
Zâvil Türkü,Sofyan,84,41.5787582353764,63.450716053181424,39.943000656720386,,,1754.595238095238,404,0
Nihâvent Fantezi,Semâî,84,44.48041756693528,81.24857081397711,42.242982279945196,,,1755.4285714285713,811,0
Nihâvent Şarkı,Nîmsofyan,252,39.84176610408225,69.07828363768968,39.925139927034195,,,1755.829365079365,17,0
Nihâvent Türkü,Semâî,42,40.54983943894732,48.22607066083733,42.52023404034055,,,1758.7619047619048,235,0
Beyâtî Şarkı,K. Curcuna,42,43.122532320975814,51.350779873299935,46.89181920102335,,,1762.404761904762,882,0
Tâhir Şarkı,Düyek,42,41.39811838509861,48.01268923448615,42.663532642993346,,,1765.142857142857,1043,0
Hüzzam Şarkı,Nîmsofyan,84,39.84600013105914,49.19086061714619,41.52342469012336,,,1765.2261904761904,135,0
Uşşak Şarkı,Türkaksağı (5/4),42,41.61206064566447,51.59251637883502,44.1531622298863,,,1766.2619047619048,375,0
Gerdâniye Şarkı,Nîmsofyan,42,43.601333601692545,55.4262706685299,46.77444965832014,,,1770.9761904761904,750,0
Sûzinâk-Zirgüle Şarkı,K. Curcuna,42,44.37491002401186,57.711682643064535,47.290531473432665,,,1771.1904761904761,1002,0
Eviç-Hûzî Türkü,Aksak,42,42.80108448412033,51.113921048245395,45.77643584582309,,,1773.6190476190477,1093,0
Mâhur Fantezi,Semâî,84,41.0802905830118,75.8266478910157,35.46828261200929,,,1776.25,338,0
Nihâvent Fantezi,Düyek,168,40.83004696270027,94.29976152928955,32.47279738679408,,,1776.8392857142858,41,0
Karcığar Şarkı,Yürüksemâî(6/4),42,43.57032024973415,54.253848082476004,47.080033705000005,,,1777.0714285714287,1141,0
Segâh Türkü,İki-Bir,84,38.797711762486024,51.23929054251369,39.279541734511135,,,1779.6190476190477,68,0
Mâhur Şarkı,Semâî,84,43.10028394118804,88.27246489537342,37.72185254988436,,,1783.7619047619048,269,0
Hûzî İlâhî,Düyek,42,40.29825243244667,48.963287049501865,41.17488528761075,,,1788.0238095238096,24,0
Hicazkâr Köçekçe,Raksaksağı,42,39.63597716382116,46.71329452842199,40.63147549834535,,,1794.1666666666667,66,0
Beyâtî Şarkı,Yürüksemâî II,42,43.76321250451019,61.421831039085454,45.96612191636994,,,1794.3095238095239,1062,0
Hicaz Zeybek,Aksak,42,46.71259831048985,96.8428101935544,43.16358143404369,,,1796.0238095238096,510,0
Nişâburek Medhal,Sofyan,42,41.32737361761232,83.20688758684442,37.633079192504525,,,1798.5714285714287,94,0
Eviç Şarkı,Çiftesofyan,42,41.79674055432734,55.01722217236269,43.642401844515355,,,1801.857142857143,400,0
Hicaz-Hümâyûn Yürüksemâî,Yürüksemâî(6/4),42,40.21433169014162,47.81306332294826,41.466314231459,,,1802.7380952380952,330,0
Acemaşîrân Marş,Nîmsofyan,42,42.07499476136407,52.27890032807521,44.09965554230713,,,1807.8809523809523,1257,0
Büzürk Küpe,Devr-i Revân-ı Hindî,42,39.012355243889765,46.01345137206128,40.0238830410856,,,1812.857142857143,150,0
Muhayyer Türkü,Düyek,126,41.66219424981724,54.57022990912746,43.58467882667848,,,1813.2777777777778,203,0
Segâh Türkü,Türkaksağı,42,37.940934202258326,45.16069136562226,38.60893973130018,,,1813.7142857142858,44,0
Mâhur Küpe,Devr-i Revân-ı Hindî,42,38.99004716841298,47.63877812964313,40.255717100230314,,,1816.357142857143,499,0
Şevk-ı-Dil Küpe,Devr-i Revân-ı Hindî,42,38.6512643139917,45.78171881254687,39.94855856279371,,,1817.2619047619048,374,0
Beyâtî-Arabân Şarkı,Düyek,42,43.480374618261294,55.72149569855244,47.24353358320045,,,1818.6190476190477,1256,0
Segâh Türkü,Curcuna,168,39.6911267378144,101.61088389439476,36.89072692254544,0.0,0.0,1831.3154761904761,9,1
Beyâtî Şarkı,Türkaksağı,42,40.458086554407544,49.95467133351278,42.57312389507854,,,1832.2380952380952,55,0
Karcığar Türkü,Türkaksağı,42,43.514921090100216,59.32767072237812,46.4545787373588,,,1832.357142857143,1330,0
Karcığar Güvende,Nîmdevir,42,44.22142930405744,60.49135579288652,47.48026847186425,,,1835.952380952381,1394,0
Sûzidil Şarkı,Senginsemâî,42,42.9404606729888,53.144982071959966,47.15137156272387,,,1836.0238095238096,1141,0
Acemaşîrân Şarkı,Semâî,126,38.94287795268385,64.963116102756,37.7227924008473,,,1836.5873015873017,116,0
Sabâ Peşrev,Hafîf,42,39.6824936727657,52.93698119443334,40.79205076263615,,,1846.904761904762,670,0
Bûselikaşîrân Seyir,Sofyan,42,38.51491891934791,44.929802855665336,40.066216578130465,,,1848.7619047619048,560,0
Bûselik Fantezi,Devr-i Turan,42,40.888200183794844,50.07210676194093,43.23257269154223,,,1849.9761904761904,447,0
Sabâ Şarkı,Nazlı Düyek,42,39.119791746161965,49.80877469646263,40.41931954647826,,,1850.0238095238096,153,0
Rast Marş,Nîmsofyan,42,41.8147017152267,50.99276182987091,44.888880341551555,,,1853.1666666666667,1373,0
Hicaz-Uzzâl Şarkı,Semâî,168,39.07004820189459,97.65622039594116,40.222215099441115,,,1853.3630952380952,419,0
Beyâtî Şarkı,Evfer,42,38.27392508245295,46.26335129698716,39.3594034243482,,,1853.6190476190477,124,0
Tâhir Türkü,Bektâşî Devr-i Revânı,42,39.61909880131732,47.52473314500694,41.21976664344638,,,1854.142857142857,855,0
Rengidil Sazeseri,Devr-i Turan,42,46.2369522691586,116.1002923189353,41.91777141001146,,,1856,296,0
Tâhir Türkü,Raksân,42,38.07804665258796,43.279401771862986,39.2951310093123,,,1857.5,581,0
Nişâburek Şarkı,Müsemmen,126,41.87949300790496,67.99017269894988,41.045233933498835,,,1859.2539682539682,806,0
Kürdîlihicazkâr Longa,Nîmsofyan,84,42.3899633010576,72.17948197437786,42.70229161235543,,,1862.4166666666667,831,0
Nikrîz Küpe,Devr-i Revân-ı Hindî,42,37.5473016598861,43.36248402716341,38.59709597092763,,,1865.7380952380952,102,0
Hisarbûselik Tavşanca,Raksaksağı,42,39.1994585092236,51.938169274316756,40.80077438875851,,,1865.857142857143,423,0
Zevk-i-Dil Küpe,Devr-i Revân-ı Hindî,42,39.03145350591083,46.39662921508372,40.738667299169606,,,1866.0714285714287,1027,0
Tarz-ı-Nevîn Küpe,Devr-i Revân-ı Hindî,42,37.99581679067426,43.28134415426231,39.55739857515884,,,1866.904761904762,863,0
Şehnâz Aranağme,Devr-i Hindî,42,37.30590202797785,43.32857104190613,38.40721829756983,,,1867.7142857142858,183,0
Gerdâniye Türkü,Nîmsofyan,168,37.69955655345714,61.57293371682378,44.89944164519141,,,1870.279761904762,17,0
Muhayyerkürdî Türkü,Sofyan,84,35.21397879025733,60.77973084434862,24.598469243119034,,,1870.404761904762,237,0
Hüzzam Şarkı,Aksaksemâî Evferi,42,41.266919233699966,52.142371572695744,43.23390750071579,,,1871.1904761904761,1377,0
Uşşak Şarkı,Raksaksağı,42,37.954927906262554,44.902990570862386,39.00284448262252,,,1872.357142857143,196,0
Nev`eser Türkü,Aksak (9/4),42,38.72805593255415,48.177115786504565,40.205113302078544,,,1873.0714285714287,354,0
Beyâtî İlâhî,Düyek,42,37.64362006054633,44.22015590343215,38.81506411215244,,,1875.904761904762,261,0
Hicaz Türkü,Sofyan,336,36.75652935377786,68.90156743920339,32.71342095778611,,,1876.4404761904761,75,0
Hicaz Türkü,Yürüksemâî II (6/4),42,36.01381183566073,46.04741279222985,36.75089604585929,0.0,0.0,1876.952380952381,7,1
Sabâ Şarkı,Nîmsofyan,42,39.054258632793676,49.81358186141059,40.38823359302991,,,1877.2619047619048,609,0
Hicaz Taksim,[Serbest],42,44.1354656633449,100.94582483941691,41.43573933755282,,,1880.547619047619,446,0
Nevâ Türkü,Sofyan,42,37.665748624981006,44.1320798663196,38.76122087316747,,,1883.4761904761904,157,0
Tâhir Şarkı,Aksak,84,39.817912045932,57.903846729147645,38.74760460872424,,,1883.547619047619,179,0
Muhayyer Türkü,Aksak,42,42.89321350237792,58.94545089341036,46.11849707894744,,,1884.857142857143,1278,0
Acemkürdî Türkü,Düyek,84,36.34151580616344,65.756278375379,27.25590834690221,0.0,0.0,1889.0238095238096,10,1
Karcığar Türkü,Semâî,42,38.09780029526299,46.163217103791695,39.58352885367384,,,1889.8095238095239,241,0
Hüseynî Sazeseri,Devr-i Turan,42,39.11592161698253,49.04980319755884,40.85886779121132,,,1899.857142857143,32,0
Muhayyer Türkü,Müsemmen II,42,41.358402181795995,52.93618985345585,44.87099361371443,,,1900.7380952380952,1137,0
Nihâvend-i-Rûmî Küpe,Devr-i Revân-ı Hindî,42,36.2793057330315,44.43674543037977,37.10477575348337,,,1901.547619047619,153,0
Aşkefzâ Şarkı,Yürüksemâî II,42,38.36773633201057,46.52499740018487,39.963136402682125,,,1909.4761904761904,472,0
Sûzidil Köçekçe,Çiftesofyan,42,42.04773341913228,62.7876506646266,41.306797056297,,,1911.5,818,0
Tâhir Türkü,Nîmsofyan,168,33.55675021977169,87.50302575740083,33.0946229413382,,,1911.5595238095239,41,0
Nikrîz Şarkı,Evfer,42,42.61318916553086,64.53210023747334,41.41898406348956,,,1913.3809523809523,1286,0
Sûzidilârâ Küpe,Devr-i Revân-ı Hindî,42,37.05410961403818,43.33344943466484,38.36232127161584,,,1917.452380952381,115,0
Segâh İlâhî,Yürüksemâî,42,41.01408872529553,53.54721335435972,44.45273571775548,,,1921.2142857142858,954,0
Muhayyerkürdî Şarkı,Müsemmen,42,40.689012272416086,54.25841805881412,44.89343108638076,,,1923.0714285714287,716,0
Muhayyer Şarkı,Nîmsofyan,42,41.79462247666149,56.97313785572943,42.61549162147257,,,1926.9285714285713,1550,0
Sûzinâk-Zirgüle Küpe,Devr-i Revân-ı Hindî,42,37.59109808049188,46.20072780577026,39.34948067803175,,,1927.2857142857142,413,0
Segâh Şarkı,Raksaksağı,42,36.18713336756337,42.76718121637154,37.33757779857628,,,1930.7142857142858,97,0
Mâverâünnehr Küpe,Devr-i Revân-ı Hindî,42,37.11211321857242,43.56010345127231,38.16820447510087,,,1931.1904761904761,443,0
Şedarabân Şarkı,Düyek,42,37.90875288379357,44.993287491114295,39.75694471154871,,,1933.9761904761904,761,0
Hüzzam Türkü,Curcuna,84,37.903619775295894,54.612090493508894,40.87317389700169,,,1936.7857142857142,316,0
Muhayyer Türkü,Curcuna,84,36.94591980983122,52.906797697347294,31.948913989569387,,,1938.6190476190477,127,0
Hüseynîgülizâr İlâhî,Sofyan,42,37.21209271174652,45.3313097512297,38.123294984279994,,,1939.642857142857,893,0
Isfahân Şarkı,Müsemmen,42,35.84556869403401,40.93080289412838,36.72988134871283,,,1943.3095238095239,84,0
Hicaz-Uzzâl Şarkı,Müsemmen,42,37.21445789903869,43.15683295511362,38.981069072457174,,,1947.047619047619,240,0
Muhayyer Türkü,Nîmsofyan,168,39.038373830413875,64.9649701626699,39.98415501735819,,,1947.3035714285713,619,0
Segâh Türkü,Nîmsofyan,168,37.10175878932527,77.96665612495062,36.86197083078691,,,1948.5833333333333,156,0
Ferahfezâ Şarkı,Semâî,42,36.04132644363678,44.42479197917864,36.898632497261275,,,1949.7619047619048,198,0
Ferahfezâ Şarkı,Raksaksağı,42,36.84884797156421,44.463042025832856,38.24293242047769,,,1950.2619047619048,919,0
Acem İlâhî,Nîmevsat,42,35.930870255286564,43.51468147635305,36.83714117209635,,,1961.595238095238,678,0
Sabâaşîrân Seyir,Sofyan,42,35.22854730269437,40.41551740594009,36.358474969835015,,,1962.7142857142858,56,0
Sabâ Mehter,Hafîf (32/8),42,36.27236866999292,43.50378433358544,37.04821837876953,,,1963.404761904762,21,0
Nihâvent Sazsemâîsi,Senginsemâî,42,38.51804273370164,46.02785078628376,40.940354899689844,,,1963.8095238095239,1309,0
Tâhir Türkü,Sofyan,252,34.88676319945736,74.0371253595223,34.40945057715894,,,1964.718253968254,14,0
Uşşak İlâhî,Düyek,84,34.12017462108329,51.44945817004352,27.43700363119379,,,1968.7857142857142,174,0
Muhayyer Türkü,Raksân,42,38.08713255692304,46.937154278013494,39.9856244470941,,,1971.095238095238,1086,0
Rast Küpe,Devr-i Revân-ı Hindî,42,36.90577832562138,42.92721514930059,38.43203157386394,,,1971.1904761904761,1011,0
Uşşak Türkü,Sofyan,378,34.636669912695105,68.36352965142525,32.31718848160826,0.0,0.0,1974.664021164021,5,1
Mâhur Türkü,Sofyan,168,36.695352370085025,52.699583174851384,37.49386514865954,,,1976,600,0
Uşşak Şarkı,Muaşşer,42,40.79477595563467,54.488746718178525,43.85536302678304,,,1979.1904761904761,1519,0
Hicazkâr Şarkı,Nîmsofyan,42,37.460957950967156,46.12478613849815,38.592410249397034,,,1981.0714285714287,172,0
Uşşak Türkü,Curcuna,84,33.73874668426058,55.761198080267974,23.238486380530304,,,1986.404761904762,186,0
Acemkürdî Nefes,Bektâşî Raksânı,42,35.2618362136164,41.794017718630165,36.63249227534391,,,1986.7619047619048,88,0
Kürdî Şarkı,Düyek,42,36.93500826887045,45.8552885937208,38.25635387685848,,,1990.7619047619048,885,0
Sazkâr Küpe,Devr-i Revân-ı Hindî,42,35.17843207644737,42.5603385030478,36.13804982527816,,,1991.4761904761904,23,0
Nikrîz Türkü,Türkaksağı,84,37.09238374247602,107.7521371904617,36.461766335742226,,,1997.25,267,0
Kürdî Şarkı,Nîmsofyan,84,32.400892606573564,59.02973974782498,22.538581968252338,,,1997.8333333333333,315,0
Bûselik Şarkı,Semâî,84,34.220304294704576,45.18653210308655,32.59498798386833,,,2000.0238095238096,44,0
Müstear Küpe,Darb,42,35.81649463793647,42.607870245721664,37.75330639497528,,,2003.857142857143,366,0
Hicaz Türkü,Nîmsofyan,252,35.494115429619335,81.26544966829202,35.662148330491334,,,2005.095238095238,75,0
Kürdîlihicazkâr Küpe,Devr-i Revân-ı Hindî,42,34.77659451425108,42.348294022704536,35.641614064928405,,,2006.4761904761904,306,0
Sûzinâk Küpe,Devr-i Revân-ı Hindî,42,35.622051550212234,43.30942429409673,36.546589042598484,,,2008.047619047619,455,0
Nişâburek Şarkı,Yürüksemâî II,84,38.36737299386021,53.11048003270774,38.192888472918455,,,2010.2857142857142,1257,0
Hüseynî Oyunhavası,Nîmsofyan,42,35.990837508809335,44.810121614364036,36.96049563159835,,,2010.5238095238096,755,0
Rast Türkü,Nîmsofyan,84,34.09922186669366,63.71549190638376,22.801182524114175,,,2015.0595238095239,233,0
Nev`eser Küpe,Devr-i Revân-ı Hindî,42,34.97051112669981,42.16731555202262,35.65734543921204,,,2015.1904761904761,194,0
Canfezâ Küpe,Aksaksemâî,42,34.07629785720288,39.02787073007078,34.78753527557327,,,2016.9285714285713,59,0
Segâh Türkü,3+3+3+3+3+3,42,38.31473856713927,45.69689005132671,40.2247857111313,,,2016.9285714285713,858,0
Muhayyer Türkü,Raksaksağı,42,37.660272868316106,47.22165596112666,39.538846935708335,,,2019.0714285714287,919,0
Hicaz Aranağme,Ağıraksak,42,35.695338438264436,41.77979637393458,37.17748973251106,,,2021.7857142857142,575,0
Rast Şarkı,Âzerî Yürüksemâî,42,33.23888082997087,40.041138334380356,33.48520812054024,,,2023.7619047619048,75,0
Hüzzam Aranağme,Ağıraksak,42,34.52457864849366,41.84067549606607,35.6038732971211,,,2024.8333333333333,363,0
Mâhur Zeybek,Aydın,42,40.19745371769485,74.80533795459358,37.73189852031345,,,2027.1666666666667,1075,0
Muhayyerkürdî Şarkı,Nîmsofyan,168,35.58355249028366,56.52513202074716,39.64058339850674,,,2029.0416666666667,576,0
Zâvil Küpe,Devr-i Revân-ı Hindî,42,34.33900367759362,39.55926225082728,34.85712520282118,,,2033.7142857142858,265,0
Pesendîde Küpe,Devr-i Revân-ı Hindî,42,34.04639615090336,40.118569375175376,34.88819014406536,,,2034.8809523809523,88,0
Şehnâz Dîvân,Sofyan,42,37.9004233848907,48.55614247271613,38.78861544532335,,,2035.3809523809523,1327,0
Uşşak Türkü,Aksak,210,29.8115177846007,91.34466140435595,25.54354975191353,0.0,0.0,2035.904761904762,6,1
Arazbâr Seyir,Düyek,42,34.29859079846578,40.29218930072806,34.701595004366254,,,2041.9285714285713,142,0
Rast-ı-Cedîd Küpe,Devr-i Revân-ı Hindî,42,33.68915666136392,39.162363794618855,34.744983425288424,,,2045.2380952380952,31,0
Hüseynî İlâhî,Nîmevsat,42,32.795672459387085,38.09786986109151,33.08105261883291,,,2047.0714285714287,30,0
Arazbâr Seyir,Sofyan,42,34.27261984977986,43.88030878680516,35.37469247392704,,,2047.3809523809523,181,0
Sûzinâk-Zirgüle Türkü,Semâî,42,36.25829654756086,46.5422081760979,37.20105296072638,,,2048.2380952380954,1011,0
Hüseynî Etüd,Sofyan,42,34.479663917341,40.347851697999744,35.51934761023573,,,2048.309523809524,526,0
Nevâ Taksim,[Serbest],42,37.41692819144513,79.93657946958058,31.349506676182706,,,2051.9285714285716,812,0
Karcığar Köçekçe,Devr-i Hindî (7/8),42,35.63910554014659,46.556032069609465,37.75395314349696,,,2058.904761904762,447,0
Şehnâzbûselik Şarkı,Semâî,42,34.97496250873302,46.500229353550594,35.940552913003756,,,2059.809523809524,869,0
Muhayyerkürdî Türkü,Aksak,84,37.38274186098459,58.16531547509653,38.020299569926465,,,2063.5476190476193,1160,0
Nihâvent Türkü,Aksak (9/4),42,36.62123804381836,49.758468630559804,38.2139818767958,,,2064.285714285714,530,0
Rehâvî Küpe,Devr-i Revân-ı Hindî,42,33.609577254124474,40.0652916850078,34.323477185019925,,,2064.4285714285716,73,0
Segâh Şarkı,Semâî,84,32.925085454717994,47.89844267514559,31.99949499482174,,,2064.809523809524,78,0
Nihâvent Şarkı,Aydın,42,37.677868766218296,46.021373329173585,39.6622971966158,,,2065,1729,0
Mâhur Türkü,İki-Bir,42,37.872565645415854,50.592079752355104,40.68509579428266,,,2065.1428571428573,1318,0
Dügâh Küpe,Düyek (8/4),42,33.01103542647447,39.75311870969394,33.98098609205766,,,2074.8571428571427,365,0
Aşîrân-Mâye Küpe,Aksaksemâî,42,32.2213553119293,35.91394825726913,33.08625367357434,,,2077.6428571428573,31,0
Bûselik Türkü,Âzerî Yürüksemâî,42,35.984315669989456,43.021204519262085,37.03970380627173,,,2077.9523809523807,1571,0
Nikrîz Türkü,Sofyan,42,36.63979840019621,47.032569628746344,38.12394921172179,,,2078.595238095238,1421,0
Nevâ Şarkı,Aksak,42,34.24351416514255,43.13218884487007,34.811113461628864,,,2089.3571428571427,286,0
Hicaz-Uzzâl Türkü,Curcuna,42,33.07506978799143,40.945089056131756,33.63117776609641,,,2090.785714285714,237,0
Hicaz-Zirgüle İlâhî,Sofyan,84,31.7481446681608,53.97785527363581,22.82659411401863,,,2093.154761904762,213,0
Nevâbûselik Küpe,Aksak (9/4),42,32.10778331387457,37.16437099432598,32.70071890229397,,,2096.714285714286,126,0
Uşşak Şarkı,K. Curcuna (10/16),42,31.971613512743296,40.32589002710929,32.179106959954304,,,2101.8571428571427,30,0
Hicaz-Hümâyûn Seyir,Düyek,42,31.61011717788901,38.2220042651213,31.993885804724677,0.0,0.0,2102.6666666666665,3,1
Nişâburek Türkü,Aksak,42,33.09532752005859,38.68839755945028,34.373546418451994,,,2107.8809523809523,507,0
Segâh Şarkı,Nîmsofyan,42,33.4405220137011,39.1101424128848,34.44424108904472,,,2110.1666666666665,767,0
Zâvil Şarkı,Semâî,42,33.4816134564394,41.000992203403804,34.862268206896836,,,2112.1666666666665,706,0
Şevk`efzâ Küpe,Aksaksemâî,42,31.807532364730076,39.49850065458357,31.893552529798153,,,2112.285714285714,176,0
Irak Küpe,Ağırevfer,42,31.83633987618435,35.899183444377485,32.353272134398324,,,2112.690476190476,474,0
Gerdâniyebûselik Küpe,Aksak (9/4),42,31.873739276229113,36.13520035670886,32.67060485232338,,,2118.9761904761904,32,0
Hicazbûselik Küpe,Aksak (9/4),42,31.427727718194017,37.7899392141863,31.996810062495282,,,2119.4523809523807,245,0
Segâh Türkü,Aksak,336,34.11603690640182,89.66132814225041,32.01704552739208,,,2123.8035714285716,387,0
Hicazkâr Köçekçe,Devr-i Turan,42,35.26529595189285,45.21363072368877,37.711704723685926,,,2130.4285714285716,1655,0
Şevk-ı-Dil Peşrev,Muhammes,42,33.75047612399689,41.56132144683625,35.39947120473293,,,2130.9761904761904,1054,0
Uşşak Türkü,Yürüksemâî II,42,31.466387613063123,36.947837737348856,32.12674846468453,,,2131.714285714286,81,0
Tâhir Türkü,K. Curcuna,42,34.595010318874685,43.35164030525387,35.97494027548067,,,2132.5714285714284,1057,0
Dilnişîn Küpe,Devr-i Revân-ı Hindî,42,32.55470977617983,37.99414293712151,33.84413966064221,,,2132.6190476190477,314,0
Kürdî Türkü,Sofyan,42,34.597557578018346,42.92189656867141,36.21896497443632,,,2134.3571428571427,1401,0
Tâhirbûselik Küpe,Aksak (9/4),42,31.272187361296552,38.02944771380095,31.775314363942776,,,2136.1190476190477,28,0
Pençgâh-ı-Zâid Küpe,Devr-i Revân-ı Hindî,42,31.547084262432282,38.54225803556545,31.873724131839822,,,2136.809523809524,70,0
Uşşak Türkü,Müsemmen,42,34.13607754415733,43.38442504198876,34.76428616200337,,,2139.5,1528,0
Pençgâh-ı-Asl Küpe,Devr-i Revân-ı Hindî,42,32.6222499196652,39.48262753695653,33.61399120763904,,,2145.285714285714,776,0
Hicaz Fantezi,Nîmsofyan,42,33.11493287321524,40.8035508488218,34.48980516344646,,,2148.0476190476193,1020,0
Mâhur Türkü,Aksak,42,36.02118120063359,46.99397056581943,38.3634580674755,,,2149.5476190476193,1897,0
Acemkürdî Şarkı,Semâî,126,33.234702007373805,47.87900887925885,36.214723002166735,,,2155.0793650793653,944,0
Hicaz Ezan,[Serbest],42,34.41701736188061,42.29997877411237,36.211837563553004,,,2157.0714285714284,1050,0
Beyâtî Karşılama,Çiftesofyan,42,32.71176618311123,42.94167297032789,33.6803181888762,,,2169.404761904762,944,0
Şevkâver Peşrev,Hafîf,42,32.11575606319955,39.198921468489516,32.961110683744245,,,2173,523,0
Nikrîz Şarkı,Türkaksağı,84,25.6175934948115,63.17262558531445,17.944788474770405,,,2177.9523809523807,822,0
Hüseynîaşîrân Küpe,Aksaksemâî,42,30.531717065769655,34.68186098325719,31.04954392832773,,,2179.4523809523807,140,0
Evcârâ Küpe,Ağırevfer,42,29.603109938497838,34.278205144642314,30.479331113874753,,,2181.095238095238,34,0
Hicaz İlâhî,Sofyan,84,31.655328013226388,41.51600061540826,32.08473189139754,,,2181.5476190476193,752,0
Rast İlâhî,Sofyan,42,31.77992363428982,36.40284669068467,32.63505612039209,,,2183.3571428571427,774,0
Nikrîz Türkü,Çiftesofyan,42,31.729325517403904,37.303756697194906,32.847646205765756,,,2183.4285714285716,593,0
Şehnâz Türkü,Sofyan,84,33.35283867925186,47.35788057375423,33.34346121574475,,,2183.5238095238096,796,0
Gülizâr Küpe,Düyek (8/4),42,29.678540681899783,36.13996620952656,29.99100036611095,,,2186.0476190476193,420,0
Eviç Türkü,Ağıraksak,42,33.14067251806523,40.80940435030977,33.537129633191014,,,2186.595238095238,1219,0
Rast Kanto,Aksak,42,35.25794237575138,49.93510434161992,38.039937789630066,,,2187.285714285714,1810,0
Nühüft Seyir,Sofyan,42,29.85240334165613,35.32621625048256,30.501080525889172,,,2188.2380952380954,123,0
Hicaz Türkü,Aksak,210,29.758470034765264,73.20346580281571,27.142108742074118,,,2192.785714285714,303,0
Segâh Türkü,Sofyan,252,30.590486519074034,104.63288687741546,25.311424727161874,,,2193.5476190476193,334,0
Beyâtîarabânbûselik Küpe,Aksak (9/4),42,30.61575399420124,35.90724073433022,31.51612846932859,,,2196.1190476190477,404,0
Beyâtî Yürüksemâî,Yürüksemâî(6/4),42,30.82199038926541,35.6389711570103,31.484142552491328,,,2197.8809523809523,590,0
Isfahân İlâhî,Sofyan,42,29.277635271279255,34.048808857320715,29.740794873876908,,,2198.1190476190477,38,0
Nişâbur Türkü,Sofyan,42,32.87133359083882,40.517770626505545,33.43196319516562,,,2198.190476190476,1603,0
Hisarbûselik Aranağme,Yürüksemâî II,42,29.293035368406855,34.45088628764923,30.109827942100335,,,2198.2380952380954,135,0
Segâh-Mâye Küpe,Darb,42,30.245450696685996,36.2465208775836,30.56351312657324,,,2199.214285714286,668,0
Eviçbûselik Küpe,Aksak (9/4),42,30.069927920168954,35.62641440625209,30.82557911771535,,,2199.5714285714284,100,0
Hicaz-Zemzeme Şarkı,Aksak,42,31.19923097028626,37.77991888576909,31.545931609905224,,,2201.5,872,0
Tâhir Türkü,Devr-i Hindî (7/8),42,31.421469117011885,46.55198632995852,31.835446662478468,,,2201.6190476190477,487,0
Beyâtî-Arabân Küpe,Düyek (8/4),42,29.42394728517913,35.0527534534804,29.788305248207553,,,2203,228,0
Hicaz-Hümâyûn Durak,Durak Evferi,84,30.725978234273416,45.783591391691665,28.56087306776756,,,2204.2976190476193,396,0
Nihâvent Şarkı,Devr-i Turan,42,32.08142695489644,38.35737271946355,32.66949084936316,,,2205.690476190476,1362,0
Vech-i-Şehnâz Küpe,Düyek (8/4),42,30.13154947351455,36.49455463386767,30.36255703566947,,,2205.7619047619046,363,0
Hicaz Kanto,Sofyan,42,32.55155780988184,39.59410689584926,33.67966538599062,,,2207.9761904761904,1754,0
Muhayyer Etüd,Sofyan,42,29.865107330474586,34.35561766620653,30.285568675718295,,,2208.3333333333335,150,0
Segâh Küpe,Darb,42,30.125010556979095,35.454740424489266,31.05767280223028,,,2211,25,0
Acem Seyir,Sofyan,84,29.734760682696177,36.5000676664202,30.06752610143124,,,2211.0238095238096,157,0
Nihâvent Beste,Fahte,42,32.19284483740488,37.92995955684904,33.41966001541369,,,2212.285714285714,1349,0
Arazbâr Küpe,Düyek (8/4),42,30.179767326555023,34.11656502458071,31.01277720083251,,,2213.5714285714284,517,0
Hicazkâr Küpe,Devr-i Revân-ı Hindî,42,30.23222587993989,36.45710233869393,30.958052161550377,,,2213.595238095238,836,0
Irak Şarkı,Müsemmen,42,29.457790755484893,34.37629866105961,29.958100596461684,,,2215.190476190476,11,0
Nühüft Küpe,Aksaksemâî,42,29.129256582450296,34.7587350225721,29.271830611718684,,,2217.6190476190477,289,0
Muhayyerbûselik Küpe,Aksak (9/4),42,29.867704466044785,36.82622194870742,30.6015833230053,,,2217.6428571428573,468,0
Hicaz-Hümâyûn Türkü,Devr-i Turan,42,34.228650057290885,47.982678108702125,37.193397395626306,,,2220.190476190476,1870,0
Rast Şarkı,Nîmsofyan,168,31.745022299562045,53.82072173716076,29.64343892144,,,2220.4285714285716,734,0
Hicâzî-Uşşak Nefes,Bektâşî Raksı,42,30.216678002063976,36.70537542042214,31.015602451946158,,,2220.595238095238,367,0
Hicaz Türkü,Düyek,42,29.36289229819109,36.12642152903315,29.940574993625106,,,2221.7619047619046,199,0
Sûzinâk Türkü,Oynak,42,30.97053687046571,38.214698428572014,31.842301983124706,,,2221.9523809523807,248,0
Hüseynî Türkü,Devr-i Turan,42,31.656422275907634,38.49556393194609,32.42138978279791,,,2222.714285714286,893,0
Bûselik Aranağme,Ağıraksak,42,31.40779670131119,39.88894159746883,32.25984154661219,,,2222.9523809523807,634,0
Rast Marş,Sofyan,126,29.617424704685522,59.70107112381806,24.79018032032571,,,2224.6507936507937,489,0
Mâhur Şarkı,Nîmsofyan,126,33.18523477330866,62.69689646182957,32.5319478099585,,,2227.5079365079364,1409,0
Mâhurbûselik Küpe,Aksak (9/4),42,29.103891426294847,32.875837104845914,29.410066697721987,,,2227.809523809524,271,0
Hicaz-Uzzâl Şarkı,Gülşen,42,29.905117975979675,35.65779381828075,30.191454657087952,,,2228.595238095238,548,0
Beyâtî Aranağme,Ağıraksak,42,31.714841664307663,40.01482963019943,33.00603762537875,,,2229.785714285714,1498,0
Hicaz-Hümâyûn Küpe,Düyek (8/4),42,28.84988498065283,33.38055167363987,29.250166673077175,,,2231.0238095238096,210,0
Çargâh(Yeni) Türkü,Aksak,42,31.453160320302644,40.616570722805534,32.18277519220825,,,2234.595238095238,519,0
Segâh İlâhî,Frenkçîn (12/4),42,30.153062324402246,35.645949345630086,30.4087813918769,,,2237.2619047619046,1005,0
Muhayyerkürdî Fantezi,Sofyan,42,33.253935031282225,42.93093680241259,35.043735300360545,,,2237.714285714286,2010,0
Rast Türkü,Semâî,42,29.60207584635767,35.9231366448567,29.919160708460293,,,2237.8571428571427,807,0
Acemaşîrân Şarkı,Curcuna,84,30.696483535555856,47.95162563232485,26.754365196382196,,,2238.4166666666665,470,0
Eviç Karşılama,Yürüksemâî II,42,32.9088642366044,42.65902677168492,34.40493224098363,,,2239.809523809524,1594,0
Rûy-i-Irâk Küpe,Ağırevfer,42,29.683440629550738,35.023414718229894,30.64391935302355,,,2243.1190476190477,32,0
Nihâvent Marş,Nîmsofyan,84,30.105292528209418,43.66126118810833,28.258624619465422,,,2244.1428571428573,488,0
Muhayyer Şarkı,Curcuna,84,32.63579116596058,46.09854225162503,33.19972954800256,,,2245.5119047619046,1835,0
Şehnâzbûselik Küpe,Aksak (9/4),42,30.009927732263204,35.91762788597281,30.5204341904888,,,2246.4523809523807,1164,0
Bûselik Küpe,Ağıraksak,42,29.166911164606585,34.10354885444312,29.822953660610874,,,2250.3571428571427,415,0
Rengidil Durak,Durak Evferi,84,30.959936662873954,38.461079699646554,32.1588807546729,0.0,0.0,2254.6785714285716,8,1
Uşşak Küpe,Düyek (8/4),42,29.377070617897186,37.85236113069875,29.860841869986444,,,2260.3333333333335,604,0
Hicaz Türkü,Curcuna,84,28.916366517759837,40.97026025217491,27.129083668460176,,,2260.785714285714,293,0
Bestenigâr Küpe,Ağırevfer,42,29.32842761962151,35.86291281858418,30.266381684195835,,,2263.214285714286,948,0
Nev`eser Sirto,Sofyan,42,30.724627483637445,39.08861950530861,32.116267292331756,,,2263.6666666666665,1432,0
Acemkürdî Şarkı,Sofyan,42,29.792684384889853,34.71564148478646,30.592770662119477,,,2264.595238095238,277,0
Hüzzam İlâhî,Sofyan,42,31.595017153352725,38.81794812620997,33.660680681450714,,,2270.3333333333335,1750,0
Gerdâniye Seyir,Sofyan,42,28.683896317949547,36.411881938479105,28.658609732852966,,,2270.4285714285716,778,0
Ferahfezâ Seyir,Sofyan,126,28.635133741746813,40.42660259012807,28.145922279062013,,,2272.9761904761904,17,0
Mâhur Seyir,Sofyan,84,28.891738900146272,34.11525514514091,29.598995260501468,,,2273.3571428571427,405,0
Eviç Küpe,Ağırevfer,42,29.8522382627252,36.09543030857311,31.025599631324848,,,2274.214285714286,1151,0
Nevrûz Şarkı,Yürüksemâî II,42,29.78082385206377,37.43858168334108,30.297095116193926,,,2274.5714285714284,822,0
Hüseynî Küpe,Düyek (8/4),42,29.65044156494148,36.20626291894417,30.421022603433457,,,2275.1190476190477,871,0
Bahr-i-Nâzik Küpe,Düyek (8/4),42,27.85152556064258,32.495840295851835,28.20242552063968,,,2276.404761904762,232,0
Kürdîlihicazkâr Şarkı,Nîmsofyan,126,25.872246488293662,86.71768287384266,23.59415319392626,,,2276.8333333333335,255,0
Rast Şarkı,Yürüksemâî II (6/4),84,30.13082563784674,38.37544962555538,30.973362579472436,,,2276.8571428571427,1066,0
Tâhir Türkü,Müsemmen II (8/16),126,30.484142637286332,50.6250375726701,30.77800926816274,,,2277.5873015873017,730,0
Sultan-ı-Arak Küpe,Düyek (8/4),42,27.40359739789205,32.5099832899556,27.495200670111238,,,2277.7380952380954,79,0
Kürdîlihicazkâr Seyir,Sofyan,126,27.873488526070243,42.19287280280007,32.15209167589066,,,2278.436507936508,39,0
Hicaz-Zirgüle Şarkı,Semâî,84,31.054032459056035,52.89868057603346,27.001026392753,,,2278.8333333333335,225,0
Hicaz-Uzzâl İlâhî,Sofyan,42,31.214900376374533,38.30846343092967,32.49874211686205,,,2279.190476190476,1581,0
Gerdâniye Türkü,Aksak,210,28.627664132109807,44.33125561809354,32.263222018510675,,,2280.285714285714,154,0
Isfahânek Küpe,Düyek (8/4),42,28.671224907375016,33.42442373139708,29.545855396147722,,,2280.3571428571427,476,0
Canfezâ Seyir,Sofyan,42,27.691220724606623,32.8703554125301,27.437166386741374,,,2283.8333333333335,181,0
Hicaz-Uzzâl Şarkı,Nîmsofyan,42,31.222621962871585,41.50611205844097,32.499955482618276,,,2283.8571428571427,1733,0
Isfahân Küpe,Düyek (8/4),42,27.65704492568667,31.62591794841113,27.71696240453693,,,2285.8809523809523,607,0
Uşşak Oyunhavası,Aksak,42,30.82029978021811,37.82359577932483,31.83914587883011,,,2285.9761904761904,1906,0
Rahatülervah Küpe,Ağırevfer,42,27.837654605898898,33.9292672225285,28.227328900114397,,,2287.2380952380954,19,0
Nişâburek Şarkı,Sofyan,42,27.77585925669506,33.8541168962339,28.429869809807503,,,2287.309523809524,144,0
Rast Seyir,Düyek,42,27.93787025318366,35.17152582791645,28.404592484326322,,,2287.6190476190477,42,0
Nikrîz Türkü,Oynak,42,31.293207620995865,39.39069522616965,31.767929464523576,,,2289.4523809523807,2025,0
Karcığar Seyir,Sofyan,42,29.775296743539112,36.7015376659786,30.257071853190936,,,2290.3809523809523,1607,0
Bûselik Beste,Hafîf,42,28.718141445271975,36.124964208025084,29.22859212533815,,,2290.404761904762,953,0
Hüseynîaşîrân Şarkı,Curcuna,42,28.450400802282925,33.898297370411676,28.090847867368122,,,2292.285714285714,944,0
Hisar Seyir,Devr-i Hindî,42,27.717466290421022,31.264347061781578,27.98578292897305,,,2293.3333333333335,588,0
Nevrûz Türkü,K. Curcuna,42,27.504798549774637,31.476375159728367,28.11336262220911,,,2296.809523809524,524,0
Zâvil Seyir,Sofyan,42,28.932465639534502,34.232937734072394,29.366341013115893,,,2297.214285714286,386,0
Ferahnâk Seyir,Düyek,42,29.55261939256516,37.08629605412173,30.829108099599267,,,2300.2380952380954,973,0
Acemaşîrân Zeybek,Ağıraksak,42,30.29637610536234,40.509032398681974,31.346585623663593,,,2300.785714285714,1011,0
Şedarabân Şarkı,[Serbest],42,31.90779268202757,96.83114307815255,25.391824899248267,,,2301.4523809523807,501,0
Hicaz-Uzzâl Zeybek,Ağıraksak,84,30.254738464028556,42.45132148957291,29.096691396962555,,,2301.7261904761904,1436,0
Tarz-ı-Nevîn Seyir,Sofyan,42,26.87523429709988,30.88247767364272,27.42715674249579,,,2301.785714285714,153,0
Uşşak Şarkı,Semâî (3/8),42,27.478111592000587,31.68511751876498,27.855014366649428,,,2304.809523809524,428,0
Şehnâz Küpe,Düyek (8/4),42,27.580946998164965,34.456516846089514,28.16677920660766,,,2304.9761904761904,401,0
Hicaz-Hümâyûn Oyunhavası,Nîmsofyan,42,30.825499427362313,38.93957103763248,31.905155896309402,,,2306.5238095238096,1998,0
Arazbârbûselik Küpe,Aksak (9/4),42,29.02835324761168,35.62569856675398,29.747011993338777,,,2307.595238095238,1351,0
Ferahnâk Küpe,Ağırevfer,42,27.604497981980447,32.01031093788507,28.271021463788497,,,2309.5476190476193,282,0
Hisarbûselik Küpe,Aksak (9/4),42,27.7810101127889,33.803499564798074,28.086749062998148,,,2309.8571428571427,576,0
Hüseynîaşîrân Seyir,Sofyan,42,27.60146089596581,33.724278569118745,27.96742502916779,,,2313.404761904762,362,0
Gerdâniye Türkü,Türkaksağı,84,28.799943779210604,41.604874404001244,30.56687935290958,,,2313.75,54,0
Dilkeşîde Küpe,Yürüksemâî II,42,28.165145393259934,34.689517260635384,29.113102996838904,,,2314.8809523809523,867,0
Müstear Seyir,Sofyan,42,27.65522103583824,33.71070824661347,27.69627535531994,,,2316.5238095238096,618,0
Acemaşîrân Küpe,Aksaksemâî,42,26.21813001490425,31.826132913943983,26.47206480876045,,,2317.309523809524,146,0
Şevkâver Küpe,Aksaksemâî,42,28.547533031558057,36.105105894386256,28.832031645091764,,,2319.595238095238,1058,0
Şedarabân Küpe,Yürüksemâî II,42,26.683685144449658,30.92351985047858,27.005149770717672,,,2322.7619047619046,351,0
Rast Kâr,Düyek,42,29.068923031431204,36.27800000854733,29.832720061882725,,,2323.404761904762,1221,0
Sûzinâk-Zirgüle Seyir,Sofyan,42,26.77710567554728,33.558375464583385,26.617406225025746,,,2324.5238095238096,20,0
Hicaz Şarkı,Raksaksağı,42,28.65902570326779,37.572799096261534,29.34070256263417,,,2325.2380952380954,830,0
Sabâ Türkü,Düyek,42,29.374552341688894,37.57539962363224,30.5989411273653,,,2328.214285714286,1165,0
Nikrîz Türkü,Evfer,42,29.550354416019122,37.793904466411085,30.3344085171367,,,2332.214285714286,1196,0
Nihâvent Marş,Sofyan,84,29.599769608558397,42.17763503724499,29.316241864003313,,,2332.559523809524,1120,0
Nişâbur Seyir,Sofyan,42,26.28953369051706,30.014088148689478,26.944049842372852,,,2334.690476190476,460,0
Beyâtî Küpe,Düyek (8/4),42,26.108100057165405,29.807774657999666,27.008187280707375,,,2334.9761904761904,140,0
Uşşak Türkü,Düyek,42,30.046845462717226,38.89715843771768,31.15207351279892,,,2336.309523809524,2068,0
Nihâvent Türkü,Nîmsofyan,42,27.406919937837795,34.002099795861085,27.40295958676473,,,2336.3333333333335,411,0
Şehnâz İlâhî,Düyek,42,27.640231193941595,33.23543213200507,27.936136432597834,,,2337,1121,0
Sûzidil Seyir,Sofyan,42,28.175512567197504,33.7670337748033,29.001647499262795,,,2341.309523809524,790,0
Karcığar Zeybek,Oynak (9/4),42,28.78116652566952,33.84108648053415,29.73271977697148,,,2343.0714285714284,1690,0
Nihâvent Türkü,Âzerî Yürüksemâî,42,28.03936647475181,35.470292304689764,28.762513657932715,,,2343.7619047619046,1456,0
Dilkeşhâveran Küpe,Ağırevfer,42,27.717859213551357,34.89458568919317,28.261876881304552,,,2345.2619047619046,1089,0
Rast Kâr,Darb-ı Türkî,42,27.72471500904966,32.1702686570566,27.94540174622101,,,2345.4761904761904,1149,0
Hüzzam Türkü,Nîmsofyan,126,27.457618825116924,44.957314597569955,26.844576287122152,,,2347.4920634920636,174,0
Pençgâh Seyir,Sofyan,42,26.161130027182566,30.527475415721124,26.70408406021314,,,2350.4761904761904,585,0
Beyâtîbûselik Küpe,Ağıraksak,42,27.077982835861345,33.06605667169535,27.496776941563276,,,2351.6428571428573,776,0
Gerdâniye Türkü,Dolap,42,29.801413403975037,38.70617744557125,30.741465127576127,,,2352.0238095238096,1959,0
Beste-Isfahan Küpe,Ağırevfer,42,26.762464069809226,31.342820877726066,27.44445726545038,,,2354.6428571428573,910,0
Acemaşîrân Seyir,Sofyan,84,27.219167481885922,35.74206771485512,27.59748914844304,,,2355.4285714285716,851,0
Segâh Zeybek,Ağıraksak,42,28.497314236682417,34.710409802086396,29.50650309912205,,,2355.8809523809523,1169,0
Nevâ Küpe,Düyek (8/4),42,27.523402779092102,32.06032781887623,28.45810914379898,,,2357.095238095238,908,0
Eviç Kârçe,Nîmhafîf,42,28.61311259563436,35.1268303766669,29.90259881790325,,,2358.4761904761904,1663,0
Beyâtî-Arabân Seyir,Düyek,42,26.882883706082033,31.904205717313918,27.07687795684449,,,2358.8571428571427,464,0
Gülzâr Küpe,Yürüksemâî II,42,26.916324688380026,32.25342427700211,27.60372015732799,,,2361.1428571428573,667,0
Hisar Küpe,Düyek (8/4),42,26.43048915258102,32.013182843214764,26.51987469603531,,,2361.6190476190477,543,0
Acemkürdî Fantezi,Nîmsofyan,42,25.393321293798234,30.430764431110603,25.482460863879382,,,2364.1428571428573,675,0
Nevâ Seyir,Sofyan,84,25.293854725656583,41.691636288005355,18.854412135509484,,,2366.6071428571427,72,0
Pesendîde Seyir,Sofyan,42,26.4895975174191,31.417139975469144,27.026615339906236,,,2369.1428571428573,625,0
Rast Şarkı,Yürüksemâî II,42,29.475434036840237,43.115659006827876,33.20256049734107,,,2370.1428571428573,1967,0
Hicaz Seyir,Semâî,42,27.496201980499453,34.76774320379843,27.828787218311817,,,2372.4285714285716,809,0
Segâh Türkü,2+2+3,42,29.257677560926396,39.1829756984955,30.536734674980373,,,2373.7380952380954,2061,0
Dügâh Türkü,Evfer,42,26.880416527348462,32.012914314368224,27.359935496094586,,,2375.9285714285716,676,0
Dügâh-Mâye Küpe,Düyek (8/4),42,27.221239600654833,33.23901987683287,27.825197336649694,,,2377.1428571428573,1498,0
Hicazkâr Türkü,Tek Vuruş,42,28.768554149382897,37.43869422328207,29.277799858399106,,,2379.1666666666665,1944,0
Şevkutarab Küpe,Aksaksemâî,42,27.18434568064041,31.54024371307728,28.076881874374088,,,2379.5476190476193,1082,0
Karcığar Türkü,Oynak,42,26.165423436106924,31.091488561525868,26.454946985140452,,,2379.6190476190477,1022,0
Muhayyerkürdî Küpe,Müsemmen,42,25.92270622537171,30.960819005859193,25.816808837376932,,,2379.6666666666665,932,0
Sûzidil Küpe,Aksaksemâî,42,26.3499946884404,31.652980955107964,26.72599515935798,,,2381.0238095238096,916,0
Sabâ Küpe,Düyek (8/4),42,26.715549312607532,32.10426967988798,27.50239076146803,,,2381.0238095238096,1073,0
Sûzidil Seyir,Aksak,42,25.865112469052363,31.42033098139103,25.79069814650991,,,2382.3809523809523,134,0
Çargâh(Yeni) Türkü,K. Curcuna,42,24.94041754624533,28.561283696096567,24.73251998296231,,,2383.2380952380954,260,0
Hüzzam-ı-Cedîd İlâhî,Düyek,42,27.874997193285072,33.75676984727333,28.79789215539628,,,2386.785714285714,2003,0
Sabâbûselik Küpe,Aksak (9/4),42,26.332776297935215,33.31895671201029,26.89319532232721,,,2390.4761904761904,958,0
Hüseynî Aranağme,Düyek,42,25.00595549292935,29.444284894148353,25.227364870158823,,,2390.7380952380954,389,0
Şevk`efzâ Seyir,Sofyan,84,25.461279324065714,32.48437760426683,25.6209896961849,,,2392.904761904762,367,0
Sultânîyegâh Seyir,Sofyan,84,25.119681326096316,35.050966347708524,25.199851703698002,,,2393.940476190476,155,0
Sabâ-Zemzeme Küpe,Müsemmen,42,25.08522463521694,29.11572382413568,25.055736830333927,,,2394.7380952380954,371,0
Şevk-ı-Cedîd Küpe,Müsemmen,42,25.016789717797447,28.98778514273341,25.835013241250017,,,2394.809523809524,653,0
Hüzzam Küpe,Darb,42,27.349100949005432,32.35820181118078,28.119860735384407,,,2397.214285714286,1611,0
Acemaşîrân Yürüksemâî,Yürüksemâî II,42,24.143116734309345,31.07455130040614,23.78266614242998,,,2397.595238095238,127,0
Bend-i-Hisar Küpe,Yürüksemâî II,42,25.110542102657185,30.581197567427807,25.030542485252283,,,2401.9523809523807,376,0
Sûzidilârâ Seyir,Sofyan,84,26.342290298371942,33.48175285944046,26.366203187302077,,,2402.3928571428573,135,0
Karcığar Küpe,Düyek (8/4),42,24.906427821501477,29.698477719228517,25.044402348808283,,,2404.9523809523807,398,0
Hicaz-Zirgüle Küpe,Düyek (8/4),42,26.25329888213717,31.24669324888564,26.28177258954404,,,2406.1190476190477,1378,0
Sazkâr Seyir,Sofyan,42,26.782243846307207,31.946276423737096,27.552822544456838,,,2408.190476190476,1519,0
Beyâtî Seyir,Sofyan,84,25.836162976828643,37.59060177528194,25.026816202332565,,,2409.035714285714,77,0
Acem Küpe,Düyek (8/4),42,25.18570850608621,30.16493440630908,25.37235869470763,,,2409.404761904762,401,0
Hicaz Mandra,Devr-i Turan II,42,28.287551776682765,48.5479356043608,29.13289506861375,,,2413.809523809524,1920,0
Uşşak Nefes,Düyek,42,27.76101951893008,34.178300304997485,28.706674615690353,,,2421.3809523809523,2109,0
Gerdâniye Türkü,Raksaksağı,42,27.00486497818767,31.417074445883248,27.548604789642905,,,2422.785714285714,1763,0
Revnâknümâ Küpe,Ağırevfer,42,25.63409281512862,29.77381964833405,26.256997063989644,,,2423.309523809524,1243,0
Nihâvent Seyir,Sofyan,84,23.347026337263138,35.954121454813766,19.12975036076886,,,2424.309523809524,62,0
Hicaz Türkü,Evfer,84,24.253989461200955,30.371741505727435,24.82187028560927,,,2427.2619047619046,599,0
Pençgâh-ı-Zâid Seyir,Sofyan,42,24.82111016615549,29.39181777646718,25.150834148891764,,,2428.1428571428573,605,0
Şevk`efzâ Seyir,Türkaksağı,42,25.34361415202986,30.551002673892008,25.251999720786976,,,2428.5476190476193,165,0
Nevâ Şarkı,Türkaksağı,42,27.113532500537772,32.38259235041804,27.3717479162304,,,2429.1190476190477,2065,0
Hüzzam Türkü,İkiz Aksak,42,24.786635329143373,30.342594373287863,24.97428640417794,,,2430.190476190476,763,0
Nihâvend-i-Kebîr Küpe,Devr-i Revân-ı Hindî,42,27.405702654551966,31.566159239742838,28.819830677248266,,,2430.6428571428573,2279,0
Şehnâz Seyir,Sofyan,42,24.59868111193803,31.392833485048573,24.42928787859362,,,2431.2619047619046,653,0
Uşşak Türkü,Türkaksağı,42,27.060176731122407,34.56255653707479,27.75685353995096,,,2435.4761904761904,1782,0
Eviç Seyir,Devr-i Hindî (7/8),42,24.206496987097523,29.807186316282817,24.37874391180288,,,2436.7619047619046,460,0
Beyâtî Seyir,Semâî,42,24.46724419532348,29.41525030164978,24.897180518339027,,,2438.8333333333335,457,0
Kürdîlihicazkâr Seyir,Devr-i Hindî (7/8),42,23.234993758747876,28.963987218881634,23.57485615543618,,,2439.6428571428573,116,0
Hicazaşîrân Seyir,Sofyan,42,25.283822593773618,30.28840140575208,25.91368934417705,,,2439.7619047619046,1580,0
Rast Kanto,Semâî,42,25.33233193815011,29.96418665675176,25.44135386973572,,,2441.5238095238096,1422,0
Kûçek Küpe,Düyek (8/4),42,24.403577369310028,29.052699320344235,24.88660674983226,,,2442.3571428571427,715,0
Nişâburek Seyir,Sofyan,42,23.944439746800736,31.049715587351645,23.856472043796554,,,2444.095238095238,40,0
Acemkürdî Seyir,Sofyan,42,25.596787283163042,31.549686383949236,26.196446658204806,,,2444.6190476190477,1249,0
Muhayyer Türkü,Türkaksağı,42,26.776620173221964,34.67590064005311,27.178197736949997,,,2444.7380952380954,1923,0
Zîrefkend Küpe,Aksaksemâî,42,25.039426577456886,29.713434134931116,24.69639822329349,,,2444.785714285714,1104,0
Hicazaşîrân Küpe,Aksaksemâî,42,25.441353445760665,30.66146418736903,25.775798713055913,,,2444.904761904762,1277,0
Hüzzam Seyir,Düyek,84,23.47985971750507,36.18463815559856,18.470881002545685,,,2445.595238095238,304,0
Sûzinâk Mersiye,Devr-i Revân,42,23.602194321949572,29.83381483333405,23.531960987103492,,,2446.095238095238,18,0
Acembûselik Küpe,Aksak (9/4),42,25.629559334564014,31.328931454628602,26.12842018140299,,,2449.3809523809523,1470,0
Tâhir Türkü,Aksak,126,25.79586632339836,41.61637983227271,25.791757304055853,,,2449.9444444444443,581,0
Râhatfezâ Küpe,Ağırevfer,42,24.902697841519206,29.49126390901074,25.26422098855654,,,2453.214285714286,1311,0
Mâhur Şarkı,Raksaksağı,42,25.411840999446934,32.01380394972457,26.153496288318777,,,2454.9761904761904,1564,0
Nişâbur Türkü,Nîmsofyan,42,25.987105578541787,33.383677862253954,26.928748327927142,,,2455.904761904762,1694,0
Yegâh Seyir,Sofyan,84,22.90276727167569,37.46384903692876,19.00516330400172,,,2456.035714285714,219,0
Rast Kanto,Nîmsofyan,42,25.560622227160685,31.68809199214216,26.14085798171724,,,2457.1428571428573,1620,0
Sûzidilârâ Türkü,Cevher,42,23.941508332331054,27.819758024881292,24.169302451803702,,,2458.095238095238,831,0
Hisar Seyir,Düyek,42,25.608839571431083,32.4774328927181,25.85418206968074,,,2462.5476190476193,1542,0
Hicaz-Hümâyûn Şarkı,Aydın,42,26.490878956611617,35.2951936897858,27.495436434164848,,,2462.7619047619046,2246,0
Beste-Isfahan Seyir,Sofyan,42,25.698250706020236,33.06520834846925,25.929704205147495,,,2463.7380952380954,1894,0
Uşşak Seyir,Sofyan,84,22.84939661225608,37.11231343655666,17.496692536607533,,,2466.9166666666665,726,0
Hicaz-Uzzâl Küpe,Düyek (8/4),42,25.15706034142,30.524120585834506,25.58120397793078,,,2470.5238095238096,1743,0
Çargâh(Yeni) Peşrev,Devr-i Kebîr,42,24.530276822477163,29.590987117738145,24.62911536483597,,,2471.0238095238096,1393,0
Yegâh Küpe,Yürüksemâî II,42,23.217294546602083,29.128437988355685,23.18007352134626,,,2471.2619047619046,212,0
Şehnâz Seyir,Devr-i Hindî,42,23.725616634420817,29.15363411413259,23.991236486303606,,,2475.9285714285716,880,0
Nevâkürdî Küpe,Müsemmen,42,23.765042465681592,30.04342617166188,24.10987317176017,,,2477.3809523809523,906,0
Hisarbûselik Seyir,Sofyan,42,25.18869586830534,30.32146393094892,25.850118879216154,,,2479.0238095238096,1537,0
Vech-i-Arazbâr Küpe,Darb,42,25.33313547265045,30.892247992444148,25.72055976511917,,,2480.5,2035,0
Hüseynî Nefes,Devr-i Hindî (7/8),42,24.245751430678414,29.559152559998747,25.159127559037163,,,2481.6666666666665,952,0
Muhayyer Türkü,Devr-i Turan,42,25.557679026184218,35.564595077018616,26.5339304360709,,,2482.404761904762,1977,0
Gerdâniye Seyir,Senginsemâî,42,22.598593094714737,26.49506035132405,22.97128985017942,,,2487.7619047619046,284,0
Hicaz Seyir,Düyek,126,22.263689747801315,36.2914656261708,19.82563538768585,,,2487.7698412698414,107,0
Rahatülervah Seyir,Sofyan,42,24.29426993291629,29.14926713705513,24.903015500596176,,,2489.3333333333335,1269,0
Hicaz Küpe,Düyek (8/4),84,23.873231142114882,30.12707896172645,24.4512410021468,,,2489.9285714285716,814,0
Şevk`efzâ Seyir,Semâî,42,24.365865041750013,28.801224548522526,24.444100770257545,,,2494.1428571428573,1844,0
Bûselikaşîrân Küpe,Aksaksemâî,42,24.32112112167114,29.626504153293638,24.20507092153117,,,2496.9285714285716,1576,0
Dügâh-Mâye Oyunhavası,Nîmsofyan,42,22.117853281292255,28.611195872205908,22.086080233855142,,,2497.9523809523807,394,0
Sipihr Küpe,Düyek (8/4),42,22.82401022342943,27.355280758661657,23.01104850186546,,,2500.714285714286,117,0
Sûzinâk Seyir,Sofyan,84,21.352578791017127,31.303502413910504,19.64918914260235,,,2505.75,119,0
Muhayyer Seyir,Sofyan,84,22.01006649930166,32.28875184658099,20.672080336423196,,,2510.940476190476,53,0
Zevk-ı-Tarab Küpe,Müsemmen,42,23.536956736159908,28.2059644744171,24.256226735216313,,,2513.2619047619046,1506,0
Hicazkâr Seyir,Sofyan,42,22.501151058380824,26.27493080218185,22.90517726465263,,,2522.6190476190477,1026,0
Gerdâniye Türkü,Müsemmen II,42,24.064818630590388,34.293689358422604,24.160341993210558,,,2524.8333333333335,2117,0
Segâh Seyir,Sofyan,84,20.428439224666963,33.636284443988586,16.869933031612327,,,2525.3333333333335,111,0
Hüseynî Seyir,Sofyan,42,22.018659617419825,28.57153693945494,22.16672578574959,,,2526.1666666666665,714,0
Hicaz-Uzzâl Seyir,Düyek,84,22.771097168775924,30.909149639658516,21.939370531345226,,,2526.1785714285716,1150,0
Segâh-Mâye Seyir,Sofyan,42,22.677735994187266,29.737687204493625,22.872994046779574,,,2527.2619047619046,1351,0
Tarz-ı-Cedîd Küpe,Aksaksemâî,42,23.326187827194275,27.358535157335112,23.6192004535787,,,2529.214285714286,1870,0
Gülizâr Seyir,Sofyan,42,22.368728399742412,27.578250872896817,22.16535393811443,,,2529.7380952380954,1239,0
Hicazkâr Seyir,Devr-i Hindî,84,22.727871571237344,31.905633122641465,22.84404492765391,,,2529.845238095238,471,0
Evcârâ Seyir,Semâî,42,21.65182116284082,26.738063999612525,21.57931003044277,,,2530.8571428571427,190,0
Nişâbur Küpe,Müsemmen,42,23.160062932823422,28.144867395184715,23.67688643295397,,,2531.690476190476,1683,0
Şevkutarab Seyir,Sofyan,84,20.700364264111908,32.71453745371973,16.753170349856763,,,2532.154761904762,182,0
Muhayyersünbüle Küpe,Düyek (8/4),42,21.851646800551887,24.902472744678217,22.39849609600369,,,2532.4285714285716,1261,0
Muhayyer Küpe,Düyek (8/4),42,23.154839967050695,28.41292898729723,23.566551704980107,,,2533.5,1298,0
Büzürk Seyir,Sofyan,42,23.926825957150843,30.05957422863843,24.10753298203777,,,2535.404761904762,2246,0
Acemaşîrân Aranağme,Ağıraksak,42,23.1829351325614,31.33240167356865,23.20797772848814,,,2540.5,1999,0
Arabân Küpe,Müsemmen,42,22.442370307554228,26.921014056096173,22.625463871117553,,,2544.6190476190477,1501,0
Uşşak Kürthavası,Sofyan,42,22.112036207741813,27.06325741873263,22.293131644664395,,,2558.8809523809523,1650,0
Dügâh Seyir,Sofyan,84,19.358656524436938,29.82574472237536,15.901359453996093,,,2559.285714285714,230,0
Nihâvent Aranağme,Türkaksağı,42,22.280728372879356,28.760908183078268,22.224624736279033,,,2559.6428571428573,1649,0
Hicaz-Zirgüle Seyir,Düyek,42,21.419630591544255,27.23873354103363,21.50615087759786,,,2560.0476190476193,1022,0
Hüzzam Seyir,Semâî,42,21.178827916526163,25.593267832238567,21.233998672313604,,,2563.214285714286,172,0
Hicaz-Uzzâl İlâhî,Düyek,42,23.348771181200632,28.30228655518091,24.152451376334984,,,2567.9761904761904,2439,0
Sultânîyegâh Seyir,Semâî,42,20.19210001497141,23.83911489473242,20.502833086172828,,,2570.0714285714284,304,0
Evcârâ Seyir,Sofyan,84,20.576171792457355,26.840113508639227,20.709759848313247,,,2571.845238095238,48,0
Uşşak Türkü,Devr-i Süreyyâ Sofyanı,42,21.660096392935476,25.821962525624205,21.80448535769894,,,2573.7380952380954,1457,0
Rast Seyir,Senginsemâî,42,21.893769605030936,27.227357035099644,22.242828071734955,,,2574.904761904762,2025,0
Ferahfezâ Yürüksemâî,Yürüksemâî II,42,20.713094751371866,25.0978299735175,21.08809811773387,,,2575.3571428571427,493,0
Nihâvend-i-Kebîr Seyir,Sofyan,42,21.440764951412795,26.630195178447032,21.907194792392303,,,2576.714285714286,1463,0
Bestenigâr Seyir,Düyek,42,21.502962059387304,26.673446129694447,21.773700341751034,,,2577.809523809524,1693,0
Şehnâzbûselik Aranağme,Semâî,42,21.278322416145027,27.85388469357084,21.578682869569057,,,2578.2380952380954,926,0
Hüseynî Karşılama,Evfer,42,21.510467282929685,26.442895239560492,21.539979814038432,,,2579.690476190476,1877,0
Irak Seyir,Sofyan,84,19.912876143045253,32.125674349298336,15.352125366645158,,,2581.1428571428573,923,0
Tâhir Aranağme,Düyek,42,20.22800866781404,24.347900132911093,20.402795762799986,,,2587.095238095238,1308,0
Sabâ Seyir,Sofyan,84,18.80844051083772,28.873786456174237,17.161036108226384,,,2588.6309523809523,68,0
Ferahfezâ Küpe,Yürüksemâî II,42,20.59846630921159,25.060201033373076,20.58053799790021,,,2589.4285714285716,1703,0
Şehnâz Aranağme,Sofyan,42,21.58621336202525,26.89993204866854,22.111723670283613,,,2589.5476190476193,2183,0
Çargâh(Yeni) Destan,Türkaksağı,42,22.33327689377281,29.14892025761675,22.604324881441308,,,2591.309523809524,2227,0
Isfahân Seyir,Sofyan,84,19.79094066024653,30.126495605956354,16.650574879660613,,,2591.5,149,0
Kürdî-Gerdâniye Küpe,Müsemmen,42,20.26805194244006,23.586913599240997,20.62302075720861,,,2591.8571428571427,584,0
Hicaz-Zirgüle Zeybek,Ağıraksak,42,21.598366234137483,26.542721728613486,22.012696001128255,,,2598.7619047619046,2144,0
Sabâ Seyir,Semâî,42,21.458168398553926,28.074898179844524,21.275624204919566,,,2600.309523809524,2202,0
Muhayyerkürdî Seyir,Türkaksağı,42,20.557307284848086,24.45834668854785,20.62843264626987,,,2600.4285714285716,1568,0
Tâhir Seyir,Sofyan,42,20.53641001183535,24.59247862809538,20.68782239487843,,,2602.1666666666665,1729,0
Gonca-i-Rânâ Küpe,Müsemmen,42,20.5248827742866,23.942616738820433,20.798754011906446,,,2605.0714285714284,1552,0
Çargâh(Yeni) Seyir,Sofyan,42,20.529897483507877,24.710415500311264,20.853491516055456,,,2608.904761904762,1950,0
Sultânîyegâh Aranağme,Türkaksağı,42,19.97380797375669,26.704792776930166,20.393397965448813,,,2610.4285714285716,1187,0
Hüseynîaşîrân Seyir,Düyek,42,20.012313372112466,25.490349343920638,20.261874032192118,,,2611.5476190476193,1128,0
Nişâburek Küpe,Düyek (8/4),42,19.390016526887177,23.35561125570357,19.262684248539472,,,2611.5714285714284,409,0
Nişâburek Seyir,Devr-i Hindî,42,20.47304580226359,24.017342547362937,20.789642550354493,,,2612.0476190476193,1858,0
Tâhir Küpe,Düyek (8/4),42,20.597316963690027,24.07836483739403,20.45883566746869,,,2613.190476190476,1826,0
Hicaz-Zirgüle Seyir,Sofyan,84,19.787685591692476,30.42438241926684,18.08843431300064,,,2616.7023809523807,1528,0
Hicazkâr Seyir,Semâî,42,20.173507504324714,25.44379413453224,19.975206667492913,,,2616.9523809523807,1495,0
Hicaz Koşma,Nîmsofyan,42,21.43996643677721,28.014369498541967,21.960936175607895,,,2617.0476190476193,2436,0
Acemkürdî Şarkı,Yürüksemâî II,42,19.11615163193429,22.541282214558105,19.40315617552242,,,2617.7619047619046,423,0
Çargâh Küpe,Müsemmen,42,18.357091454406092,23.536461516326124,18.317633655425492,,,2619.5,912,0
Hicazkâr Aranağme,Curcuna,42,19.377974227471643,22.469635584274606,19.873215921410083,,,2621,1156,0
Pençgâh Seyir,Semâî,42,18.912832711039695,23.081748870683064,19.22626261978737,,,2622.3809523809523,384,0
Hicazkâr-Kürdî Seyir,Semâî,42,19.12196054820451,23.03293075374695,19.058970929081315,,,2622.8809523809523,624,0
Hüseynîaşîrân Seyir,Semâî,42,21.119610912317683,26.537089033338887,21.391598750949115,,,2624.0238095238096,2381,0
Gerdâniye Küpe,Düyek (8/4),42,21.100369482396996,26.40442866036158,21.35200784075741,,,2625.8571428571427,2499,0
Hicazkâr Aranağme,Aksak,42,20.28924715120979,26.2293685084754,20.43519836233017,,,2630.214285714286,2244,0
Gülizâr Seyir,Düyek,42,19.61059007967543,23.42415092888188,19.452296598302212,,,2632.5714285714284,1572,0
Nihâvent Seyir,Türkaksağı,42,19.4511489147629,24.987945405307617,19.47427785684065,,,2633.095238095238,1831,0
Muhayyer Seyir,Semâî,42,18.846169738043784,23.542654774471387,18.915325803129182,,,2637.3809523809523,646,0
Hüseynî Aranağme,Aksak,42,18.722257683496576,22.907725795721486,18.94227520146786,,,2638.690476190476,858,0
Hicaz Ninni,Sofyan,42,19.371108324407807,23.806305940541876,19.44802506649116,,,2640.1190476190477,1620,0
Bestenigâr Seyir,Semâî,42,19.517237384588054,23.502047087281138,19.596494452065823,,,2640.7380952380954,1605,0
Nevâ Türkü,Nîmsofyan,42,19.41241682541989,23.803698290390088,19.423386298333412,,,2642.1190476190477,1599,0
Nikrîz Seyir,Düyek,84,19.334518267321773,30.414448988778773,17.804609650228716,,,2642.5238095238096,1260,0
Zâvil Seyir,Düyek,42,19.348047065709284,23.986849921578177,19.136633104122236,,,2644,2025,0
Karcığar Seyir,Devr-i Hindî (7/8),42,19.18142808775782,23.11326860149892,19.613169594841963,,,2644.5714285714284,1982,0
Nev`eser Seyir,Sofyan,42,18.880235727422157,23.68561397660594,19.549380816641097,,,2645.1190476190477,1287,0
Sultânîyegâh Küpe,Yürüksemâî II,42,18.38712581402364,22.57654069316056,18.490672718181465,,,2648.309523809524,876,0
Mâhur Aranağme,Senginsemâî,42,19.30471776387004,23.948411121225462,19.72224359056545,,,2651.2619047619046,1718,0
Arazbâr Seyir,Semâî,42,19.3981829310624,23.86949213146375,19.761771108005583,,,2652.0476190476193,2070,0
Müstear Seyir,Düyek,42,18.690499203842666,23.768005322142017,18.198058899701273,,,2653.6428571428573,1147,0
Nevâ Seyir,Semâî,42,17.782490141901402,20.931091366761972,18.21424078988793,,,2654,478,0
Ferahnâkaşîrân İlâhî,Bektâşî Raksı Evferi,42,18.005766315255784,22.98805082246754,17.910395770207685,,,2654.0714285714284,502,0
Hüzzam Aranağme,Düyek,42,19.094327532472587,23.234094473719068,19.103108666572645,,,2654.404761904762,1899,0
Muhayyer Türkü,Raksaksağı II,42,19.86360130321116,25.67326734788945,20.75213327293215,,,2660.095238095238,2353,0
Kürdîlihicazkâr Aranağme,Semâî,42,18.467239531597777,23.24546029548146,18.78948976670043,,,2661.3333333333335,1332,0
Pesendîde Türkü,Sofyan (4/8),42,18.28604066171857,23.02650030699187,18.37142525424767,,,2663.5,1957,0
Dilkeşhâveran Seyir,Düyek,84,18.55649524540796,24.985619105008315,18.46820141230503,,,2663.7380952380954,1535,0
Sûzidil Aranağme,Çiftesofyan,42,17.413484784688162,21.21480170889764,17.193105717741275,,,2666.095238095238,440,0
Acemkürdî Aranağme,Curcuna,42,17.355471394809445,20.99949285798742,17.233755785478927,,,2669.3333333333335,844,0
Karcığar Aranağme,Ağıraksak,42,17.78788359652688,21.749065134983827,17.779579129111802,,,2671.3809523809523,1115,0
Mâhur Aranağme,Müsemmen,42,17.87455207034486,22.336629044137027,17.507463606150097,,,2674.8333333333335,1525,0
Bûselik Aranağme,Müsemmen,42,17.40264243645784,20.110539864068848,17.48465824184121,,,2675.285714285714,847,0
Bûselik Seyir,Sofyan,84,17.72218378464292,26.413267319398326,17.269806673476044,,,2676.035714285714,1036,0
Eviç Seyir,Sofyan,42,18.7563511464591,22.30391909660343,19.200729942604628,,,2680.0238095238096,2410,0
Acemkürdî Fantezi,Semâî,42,18.38064503294897,23.581760979410895,18.509918116508757,,,2680.6666666666665,1919,0
Kürdîlihicazkâr Seyir,Senginsemâî,42,17.016337556871168,22.282131933849303,16.733563470389885,,,2680.8809523809523,678,0
Tâhir Türkü,Evfer,42,16.55039048781757,21.59904155857847,16.520536402397244,,,2684.9761904761904,592,0
Hicaz İlâhî,Türkmen,42,16.671017820994745,21.82090906630312,16.22557562755263,,,2685.4285714285716,462,0
Bûselik Seyir,Semâî,42,18.151851417701387,23.742552776246377,18.232346543243118,,,2685.690476190476,2107,0
Muhayyer Türkü,Nîmçember,42,16.679708360103117,21.664816880421323,16.67596901875143,,,2688.1666666666665,1151,0
Rast Seyir,Semâî,42,16.83619104397788,21.671744497295478,16.854039970198283,,,2689.0714285714284,750,0
Şedarabân Seyir,Sofyan,84,18.4133823607922,29.59039948829941,17.65889678093032,,,2689.809523809524,2421,0
Beyâtî Türkü,Devr-i Hindî,42,17.753523131028032,24.287790983413885,17.852143885875947,,,2689.9761904761904,2213,0
Isfahân Aranağme,Aksak,42,15.896341251220285,18.780650395385575,16.153536532031858,,,2692.2380952380954,105,0
Hüseynî Seyir,Düyek,42,17.455175846880014,20.972875025107808,17.64612029237592,,,2694.5,1958,0
Hicaz-Zirgüle Türkü,Evfer,42,18.406476035945758,25.420524721036283,18.72916515307569,,,2696.9761904761904,2515,0
Acemkürdî Küpe,Müsemmen,42,17.14860151316361,21.171671132650395,17.19921813232133,,,2698.9285714285716,1619,0
Kürdî Küpe,Müsemmen,84,17.10950269386972,21.563421954975475,17.222335118302272,,,2699.9523809523807,1258,0
Muhayyer Zeybek,Ağıraksak,42,17.185285565521344,21.057572727156174,17.350101428402517,,,2700.1190476190477,2126,0
Karcığar Seyir,Semâî,42,17.20331941270567,22.4801552196452,17.22331556911733,,,2700.904761904762,1753,0
Segâh Seyir,Semâî,42,16.457016390468958,21.205180256220682,16.269466560679685,,,2701.309523809524,1344,0
Sûzidil Aranağme,Curcuna,42,17.674875620979318,20.544852864711324,18.156674473234723,,,2703.095238095238,2387,0
Kürdîlihicazkâr Aranağme,Türkaksağı,42,15.464046236210551,19.427449488798,15.641710934751053,,,2703.214285714286,162,0
Sabâ Türkü,Nîmsofyan,42,18.00636766452759,23.922177206245827,17.82522760846927,,,2703.5238095238096,2569,0
Bestenigâr Seyir,Sofyan,42,16.640272268645795,19.450695397116412,16.825272481990048,,,2704.5714285714284,1362,0
Ferahnâk Seyir,Semâî,42,15.780099346515362,22.290073834748625,15.615178219105292,,,2705.1190476190477,616,0
Uşşak Aranağme,Aksaksemâî,42,16.889984983142412,22.295740007094288,16.88022723096188,,,2706.095238095238,1756,0
Uşşak Seyir,Semâî,42,15.327840142813796,22.3795373896147,15.185788840881346,,,2706.7380952380954,70,0
Şedarabân Seyir,Semâî,42,16.87508395554218,21.494529704133924,17.423400187756513,,,2707.5476190476193,1563,0
Muhayyerkürdî Marş,Semâî,42,16.18126529829224,20.272693536645995,16.063600380641418,,,2710.714285714286,1201,0
Segâh İlâhî,Sofyan,84,17.047947153441594,22.795651684608952,16.86758251385737,,,2715.4285714285716,2094,0
Yegâh Seyir,Semâî,42,16.739973685054906,20.8953983985139,16.888942665886013,,,2718.214285714286,2058,0
Acemkürdî Aranağme,Senginsemâî,42,16.554889863828027,20.50558710947572,16.61185686628973,,,2718.8571428571427,1974,0
Sûzinâk Aranağme,Aksak,84,15.172164063018839,18.812298336260795,15.234256873127597,,,2720.404761904762,686,0
Sûzidilârâ Türkü,Sofyan,42,17.150788410461857,26.58429099124894,18.078786862172755,,,2721,2462,0
Acemaşîrân Aranağme,Senginsemâî,42,16.51388279212747,21.029223346197075,16.6254449957477,,,2721.4523809523807,1991,0
Ferahnâk Seyir,Sofyan,42,14.702855753575655,17.0763462412372,14.814355395435438,,,2722.9761904761904,214,0
Hüseynî Seyir,Semâî,42,16.368726754719166,21.01175899927775,16.390143566775357,,,2725.9761904761904,2020,0
Çargâh(Yeni) Sazeseri,Sofyan,42,17.09838080192068,22.02170097710311,17.239736072470023,,,2726.285714285714,2453,0
Karcığar Mandra,Devr-i Turan,42,16.780960626419425,19.526851460098893,17.027497496342455,,,2726.6666666666665,2356,0
Segâh İlâhî,Yürüksemâî II,42,15.983063841215438,21.091990005313594,15.794853220850374,,,2727.5476190476193,1623,0
Hicaz Türkü,Devr-i Hindî (7/8),42,16.721005193321435,19.635845680674326,16.433673731040933,,,2727.595238095238,2423,0
Hüseynî Marş,Sofyan,42,17.170026177237993,24.503567088762672,17.653583186247907,,,2728.4285714285716,2550,0
Sûzinâk Seyir,Semâî,42,16.63178057384245,20.637812280529314,17.030414631331972,,,2731.4523809523807,2561,0
Hüseynî Türkü,Nîmsofyan,42,16.272120746334497,27.934749627122407,16.716097342775292,,,2732.190476190476,2194,0
Segâh Türkü,Çiftesofyan,42,16.438016236277708,23.204460855332044,16.838405821876343,,,2732.4285714285716,2426,0
Bûselik Aranağme,Düyek,42,15.733922526392108,19.003376910507953,15.889371101167708,,,2736.4761904761904,1870,0
Eviç Seyir,Semâî,42,16.213744976489057,23.808766149125393,16.552945056291335,,,2737.1666666666665,2320,0
Hicaz Türkü,Türkaksağı,126,13.778986434584299,29.5409324860073,12.532875552193605,,,2737.9206349206347,1880,0
Nişâburek Seyir,Senginsemâî,42,15.196474403132992,20.55573220052623,15.016997092480764,,,2739.8809523809523,1444,0
Hicaz Aranağme,Curcuna,42,16.21521289687373,20.628571184361792,16.20736267634225,,,2740.5476190476193,2506,0
Karcığar Aranağme,Curcuna,42,15.07839297237928,19.339289402868772,15.240894592811975,,,2740.9523809523807,1442,0
Ferahfezâ Seyir,Semâî,42,16.328923348225374,23.23391569191408,16.348905869598973,,,2741.1190476190477,2552,0
Acemaşîrân Seyir,Semâî,42,16.15691011857531,21.549882972706932,16.271162850992845,,,2743.0714285714284,2586,0
Hicaz-Hümâyûn Seyir,Sofyan,84,15.070160411135065,19.785346444948743,14.757358901268283,,,2744.7023809523807,1292,0
Eviç Aranağme,Senginsemâî,42,15.654265073822877,21.724055626071085,15.77829667237914,,,2745.0238095238096,2054,0
Şehnâzbûselik Seyir,Sofyan,42,13.975470753080788,17.869299816374706,13.978133062097829,,,2748.285714285714,695,0
Uşşak Türkü,Bulgar Darbı,42,14.579532498638361,19.752361558065616,14.397218981356831,,,2748.8571428571427,1390,0
Acemaşîrân Aranağme,Curcuna,42,15.246761491911947,19.057247928339127,15.313354644694313,,,2755,2128,0
Bûselik Seyir,Türkaksağı,42,13.32400847665217,16.82805179116576,13.490880347249824,,,2758.904761904762,657,0
Çargâh(Yeni) Türkü,Senginsemâî,84,14.762361620474753,28.700085330917286,11.42058811378785,,,2759.7738095238096,2362,0
Nev`eser Seyir,Senginsemâî,42,15.047506931653118,20.272154342118576,15.109821531597369,,,2767.6666666666665,2531,0
Rast Şuğul,Düyek,42,12.254556900947145,15.575005021560656,12.204737219237774,,,2769.714285714286,320,0
Hicaz-Uzzâl Seyir,Senginsemâî,42,13.526340349679709,17.463850461484988,13.500136401257597,,,2769.809523809524,1269,0
Karcığar Örnek-öz,Devr-i Hindî (7/8),42,13.99110554584483,16.477662246268732,13.967474532496265,,,2770.9761904761904,1664,0
Nihâvent Aranağme,Ağıraksak,42,14.166807986035009,18.756944355409683,14.36899602976183,,,2774.4523809523807,2038,0
Nihâvent Seyir,Semâî,42,13.532682779211493,19.62202107488465,13.46937346593103,,,2774.595238095238,1412,0
Bûselik Aranağme,Yürüksemâî II,42,12.968960310710633,16.210272332411645,13.184301960331808,,,2774.904761904762,1084,0
Rast Aranağme,Müsemmen,42,14.517987159050277,19.088366646580422,14.68115369109638,,,2777.4285714285716,2505,0
Şedarabân Aranağme,Devr-i Hindî,42,14.148202230407316,18.121649977990604,14.14910616220282,,,2783.5476190476193,2463,0
Nikrîz Türkü,Devr-i Turan,42,14.394582127802638,17.389631794955072,14.428969846418596,,,2785.190476190476,2658,0
Karcığar Aranağme,Devr-i Hindî,42,12.922605912871564,15.006240980778461,13.217026509566608,,,2787.5476190476193,1587,0
Acemkürdî Seyir,Senginsemâî,42,12.569907501529872,15.69798909644673,12.572145224958795,,,2794.2619047619046,1555,0
Uşşak Aranağme,Düyek,42,13.014654053645938,15.443056926690911,13.210834675977566,,,2795.404761904762,2019,0
Ruhnevaz Seyir,Sofyan,42,12.18683183649785,16.04460000598314,11.984378672683995,,,2795.6666666666665,1313,0
Hûzî Türkü,Aksak,42,13.93955036460838,20.296283475290362,14.11371057006466,,,2796.5238095238096,2665,0
Beyâtî Aranağme,Curcuna,42,12.470806586442444,16.579149055590456,12.415642054608938,,,2797.6428571428573,1671,0
Hicaz-Hümâyûn Aranağme,Curcuna,42,12.470806586442444,16.579149055590456,12.415642054608938,,,2798.6428571428573,1672,0
Mâhur Salâtüselâm,Sofyan (4/8),42,13.586325444073179,18.13734217697831,13.291577097694642,,,2801.904761904762,2725,0
Beyâtî Yürüksemâî,Senginsemâî,42,13.631463287863534,17.437796752866568,13.68409646809777,,,2802.190476190476,2713,0
Rast Aranağme,Curcuna,42,13.044200621472825,15.831425852561281,13.01951143420046,,,2803.6428571428573,2310,0
Kürdî Seyir,Sofyan,84,12.80954447406843,18.21938308168548,12.620518524216745,,,2803.904761904762,2097,0
Sûzinâk-Zirgüle Seyir,Aksak,42,13.079119190786948,16.904342474710568,13.266391656089336,,,2804.190476190476,2434,0
Hicaz-Hümâyûn Aranağme,Düyek,42,13.333403475767927,16.31715607295438,13.170230550177859,,,2804.4523809523807,2660,0
Hisarbûselik Aranağme,Türkaksağı,42,12.143107729078984,16.061680435002486,12.17249523842085,,,2805.595238095238,1782,0
Eviç Aranağme,Türkaksağı,42,12.676863606136527,15.738468573577618,12.454232214059514,,,2811.4761904761904,2441,0
Aşkefzâ Seyir,Devr-i Hindî (7/8),42,12.926061462274394,16.239868912337084,12.928647184435867,,,2813.214285714286,2691,0
Bûselik Aranağme,Semâî,42,12.328135873900454,16.477662246268732,12.450619183358903,,,2815.0476190476193,2364,0
Acemkürdî Aranağme,Aksak,42,12.39322193100223,14.57317874049287,12.637127425128888,,,2816.904761904762,2417,0
Hüseynî İlâhî,Ağırdüyek,42,12.368686443170077,17.212344349426544,12.502683151631187,,,2817.714285714286,2439,0
Karcığar Örnek-öz,Nîmsofyan,42,12.286080125317532,15.42973020329842,12.166661324580858,,,2818.0476190476193,2382,0
Rast Türkü,Oynak (9/4),42,11.628021085195721,13.622979801217427,11.400362976923613,,,2819.0476190476193,1944,0
Hüseynî Türkü,Evfer,42,11.92212280176561,15.550396525222483,12.04751251116496,,,2823.3333333333335,2385,0
Uşşak Aranağme,Curcuna,42,12.075325750217091,15.151526483212317,12.332582236068909,,,2824.3333333333335,2457,0
Hüseynî Türkü,Semâî (3/8),42,11.742504680515118,22.343177016779848,12.144120215449885,,,2825,2436,0
Acemaşîrân Aranağme,Yürüksemâî,42,10.954081821624804,14.17730240336879,11.130746837841343,,,2825.5476190476193,1749,0
Segâh Salâtıümmiye,Aksaksemâî Evferi,42,12.204907267156456,14.127841811579646,12.095892220925876,,,2825.785714285714,2671,0
Yegâh Aranağme,Aksak,42,11.556094648328965,14.692142717739856,11.628225373340573,,,2826.9285714285716,2271,0
Muhayyerkürdî Aranağme,Nîmsofyan,42,11.523320341380652,15.635562906265628,11.642687824175574,,,2827.3809523809523,2247,0
Rast Nefes,Bektâşî Devr-i Revânı,42,11.856590078454381,14.587739841845769,12.036186576976608,,,2829.1666666666665,2502,0
Sûzinâk Aranağme,Curcuna,42,10.72368805664958,13.376679729847158,10.928614063503865,,,2829.4285714285716,1750,0
Beyâtî Türkü,Sofyan,42,11.360914946328489,14.395124883720598,11.285625301827848,,,2830.2380952380954,2265,0
Tâhir Türkü,Çiftesofyan (9/16),42,11.08809140196886,24.492660686379672,9.646433694743251,,,2831.8809523809523,2589,0
Sabâ Örnek-öz,Yürüksemâî II,42,11.709128702073942,14.677856555736474,11.958675404894489,,,2831.9761904761904,2548,0
Nikrîz Aranağme,Evfer,42,11.82169774471722,15.212745362001103,11.823485732357227,,,2832.6666666666665,2710,0
Uşşak İlâhî,Dolap,42,11.081378265600094,13.013597389073368,11.078050010470488,,,2833.904761904762,2195,0
Sabâ Aranağme,Senginsemâî,42,11.212229655692225,15.499287721892438,11.244469516633831,,,2834.8809523809523,2396,0
Rast Türkü,Evfer,42,11.139646379697279,15.117216759049136,11.276285911281487,,,2839.1428571428573,2461,0
Muhayyerkürdî Türkü,Çiftesofyan,42,11.376681018731354,16.72768753214155,11.405633122641468,,,2841.7380952380954,2754,0
Beyâtî-Arabân Seyir,Türkaksağı,42,11.244105067668794,14.701833261393242,11.17595833457982,,,2843.5238095238096,2723,0
Hüseynî Türkü,Yürüksemâî,42,10.858510431109378,16.442972165596114,11.185015306856535,,,2843.8809523809523,2692,0
Hicazkâr Aranağme,Düyek,42,11.016131844170102,14.67841925544145,11.433177985478071,,,2847.5238095238096,2792,0
Hicazkâr Aranağme,Sofyan,42,11.016131844170102,14.67841925544145,11.433177985478071,,,2848.5238095238096,2793,0
Uşşak Oyunhavası,İkiz Aksak,42,10.304225121804643,13.314102536707253,10.252941708584231,,,2849.0714285714284,2399,0
Hicaz Örnek-öz,Senginsemâî,42,10.789965721107304,13.440277617515203,10.895354237271235,,,2850,2734,0
Hicaz Örnek-öz,Devr-i Hindî (7/8),42,9.681992279855017,13.77694370011382,9.616720301208165,,,2851.8571428571427,2059,0
Sabâ Örnek-öz,Sofyan,126,9.532580279000014,21.00092026331497,7.329463526374945,,,2852.8809523809523,2389,0
Eviç Aranağme,Sofyan,42,10.464483371460563,14.386722851163794,10.388084014627342,,,2854.785714285714,2786,0
Nişâburek Aranağme,Düyek,42,9.37975538063362,11.282012271127236,9.188839171876982,,,2855.1666666666665,2024,0
Hüseynî İlâhî,[Serbest],42,10.400567417699488,12.841593622546736,10.617099945439499,,,2856.1190476190477,2814,0
Karcığar Şarkı,Çiftesofyan,42,10.469397751222694,14.635785849313288,10.513829947875486,,,2856.285714285714,2806,0
Şehnâzbûselik Örnek-öz,Sofyan (4/8),42,10.233217252352603,14.302316470861417,10.015672255200698,,,2859.2380952380954,2730,0
Segâh Aranağme,Yürüksemâî II,42,9.272105076216132,13.47655821520201,9.131346219868854,,,2861.714285714286,2363,0
Hüseynî Örnek-öz,Nîmsofyan,42,9.31794341160727,12.239155921951413,9.42799082015975,,,2863.0714285714284,2397,0
Hüzzam İlâhî,Nîmsofyan,42,9.696847772533376,11.9626274799743,9.792707483051345,,,2863.6666666666665,2628,0
Hüzzam Örnek-öz,Oynak,42,9.818008161079048,12.049509026700457,9.893759802727455,,,2863.7619047619046,2662,0
Rast İlâhî,Evsât (26/4),42,9.766267651862611,12.746488825068772,9.849462514940033,,,2866.404761904762,2790,0
Sultânîyegâh Aranağme,Nîmsofyan,42,9.498120179361125,11.642734834530673,9.582664504190333,,,2868.9523809523807,2722,0
Hicaz-Zirgüle Aranağme,Aydın,42,9.430325905222375,13.8724452364977,9.570763405430123,,,2870.0714285714284,2799,0
Ferahnümâ Seyir,Sofyan,42,9.48060809284959,12.570133039304933,9.421446052768411,,,2870.8333333333335,2834,0
Acemkürdî Aranağme,Düyek,42,8.969241507932098,11.968856352024934,9.195107931501639,,,2872.785714285714,2653,0
Acemaşîrân Aranağme,Sofyan,42,9.282232755119532,11.944445156722551,9.299792869526321,,,2873.4285714285716,2820,0
Hicaz Aranağme,Evfer,42,9.186978023099925,12.144613824178421,9.282564642799649,,,2873.4523809523807,2812,0
Hicaz Türkü,Zafer,42,8.307817360768116,11.987754514774785,8.065774253425701,,,2873.690476190476,2336,0
Acemkürdî Aranağme,Sofyan,42,8.969241507932098,11.968856352024934,9.195107931501639,,,2873.785714285714,2654,0
Uşşak Örnek-öz,Senginsemâî,42,8.960104658753323,12.674514546855791,8.815839426872543,,,2875.4523809523807,2749,0
Segâh Tekbîr,Durak Evferi,42,8.988333410327206,11.845565997552612,9.192986411158264,,,2876.690476190476,2822,0
Nihâvent Kasaphavası,Düyek,42,8.165643292616126,10.574287757506342,8.28109521306375,,,2878.9285714285716,2509,0
Hüseynî İlâhî,Türkdarbı,42,8.79084145008155,11.58421548976955,8.795953334387503,,,2879.9285714285716,2811,0
Acemaşîrân Aranağme,Aksak,42,7.852770622774598,10.681870955150698,7.703709045789511,,,2880.3809523809523,2431,0
Mâhur Aranağme,Nîmsofyan,42,8.360777595366747,10.974190602772472,8.34869289844481,,,2883.404761904762,2813,0
Hicaz Örnek-öz,Sofyan,42,8.401008707905127,11.107988483887556,8.636916234669993,,,2883.6666666666665,2846,0
Rast Türkü,Devr-i Turan,42,8.415222438008572,11.850727876998118,8.243517556943075,,,2883.714285714286,2823,0
Muhayyer Bozlak,[Serbest],42,7.859334604715838,14.929005816463023,7.599509525295133,,,2886.785714285714,2738,0
Hüzzam Örnek-öz,Sofyan,42,7.891490230291723,9.546060176103639,8.242737968554348,,,2888.190476190476,2799,0
Rast Örnek-öz,Sofyan,42,7.8378187351256825,10.155161238395209,7.903949297195192,,,2888.4285714285716,2742,0
Irak İlâhî,Yürüksemâî(6/4),42,7.8378686115522145,10.583207616247352,7.735263322093584,,,2890.6666666666665,2850,0
Muhayyer Aranağme,Curcuna,42,7.4772803804080645,10.932793711439045,7.525659106546831,,,2891.7380952380954,2741,0
Acemaşîrân Aranağme,Semâî,42,6.793627559817285,11.102830165832586,6.773193555877506,,,2892.0476190476193,2555,0
Kürdî Örnek-öz,Sofyan,42,6.34475313560086,9.451236728478161,6.262401117991718,,,2894.6190476190477,2402,0
Karcığar Örnek-öz,Sofyan,42,6.632987800439754,9.015878103573785,6.790753704202299,,,2899.6428571428573,2760,0
Uşşak Örnek-öz,Sofyan,42,6.495616199591994,11.269856532943578,6.420497654468191,,,2902.0714285714284,2849,0
Tâhir Seyir,Türkaksağı,42,6.487030433201439,8.271616572147359,6.567608369552675,,,2903.0238095238096,2841,0
Uşşak Örnek-öz,Türkaksağı,42,6.255835677576258,8.852552733509693,6.5070159393594915,,,2903.690476190476,2856,0
Hüseynî Örnek-öz,Düyek,42,6.431997333637781,8.84560802196096,6.41891995845994,,,2904.3571428571427,2884,0
Hüseynî Aranağme,Raksaksağı,42,6.330486612122444,8.950848536909536,6.355098771605176,,,2904.8571428571427,2872,0
Hüseynî Örnek-öz,Sofyan,126,5.904993847386931,9.019069109495664,5.814007091440839,,,2907.3809523809523,2814,0
Hüseynî Türkü,Müsemmen,42,5.781424539934482,9.242149626837499,5.65451520215165,,,2909.1666666666665,2883,0
Segâh Örnek-öz,Düyek,42,5.705370468393405,8.413440402978463,5.703794519162417,,,2909.214285714286,2861,0
Hicaz Örnek-öz,Yürüksemâî,42,5.662659983598609,7.723405316158883,5.900008974704155,,,2909.7619047619046,2860,0
Bûselik Örnek-öz,Semâî,42,5.345821094869136,7.713269598688269,5.3691110626762,,,2913.190476190476,2886,0
Uşşak Örnek-öz,Semâî,42,5.199977047685934,7.286589370246433,5.416663461415182,,,2913.309523809524,2857,0
Bûselik Örnek-öz,Düyek,42,4.670981342180235,6.852964430255865,4.521099814380326,,,2915.8571428571427,2836,0
Rast Örnek-öz,Müsemmen,42,4.068942195104099,7.337332774907296,4.188293210707534,,,2919.1428571428573,2843,0
Kürdî Örnek-öz,Devr-i Hindî,42,4.092638754997564,7.465537848321801,4.220513823181234,,,2919.5714285714284,2879,0
Bûselik Örnek-öz,Sofyan (4/8),42,3.792784409086959,6.5928005778,3.601091494972029,,,2920.2380952380954,2834,0
Kürdî-Gerdâniye Türkü,Raksân,42,4.05829853854778,7.754319610583316,3.942342155609975,,,2920.8571428571427,2898,0
Segâh Örnek-öz,Aksak,42,3.551934825467782,7.553135234546058,3.478670119790932,,,2920.8571428571427,2824,0
Rast Örnek-öz,Devr-i Hindî (7/8),42,3.5350642132281167,5.815168104756165,3.472605071705037,,,2922.1428571428573,2871,0
Kürdî Aranağme,Nîmsofyan,42,3.2940395957435076,5.316925294847522,2.991133918256115,,,2922.7619047619046,2869,0
Kürdî Örnek-öz,Sofyan (4/8),42,2.5426853176349953,5.994116582831533,2.299288220487113,,,2924.9761904761904,2826,0
Gerdâniye Oyunhavası,Devr-i Turan,42,1.169911958355748,6.99492857987416,0.5949837101996864,,,2928.0476190476193,2893,0
